ÿÿÿthe,a
ÿÿÿbe,v
ÿÿÿand,c
ÿÿÿof,i
ÿÿÿa,a
ÿÿÿin,i
ÿÿÿto,t
have,v
ÿÿÿto,i
ÿÿÿit,p
ÿÿÿI,p
ÿÿÿthat,c
ÿÿÿfor,i
ÿÿÿyou,p
ÿÿÿhe,p
ÿÿÿwith,i
ÿÿÿon,i
ÿÿÿdo,v
ÿÿÿsay,v
ÿÿÿthis,d
ÿÿÿthey,p
ÿÿÿat,i
ÿÿÿbut,c
ÿÿÿwe,p
ÿÿÿhis,a
ÿÿÿfrom,i
ÿÿÿthat,d
ÿÿÿnot,x
ÿÿÿn't,x
ÿÿÿby,i
ÿÿÿshe,p
ÿÿÿor,c
ÿÿÿas,c
ÿÿÿwhat,d
ÿÿÿgo,v
ÿÿÿtheir,a
ÿÿÿcan,v
ÿÿÿwho,p
ÿÿÿget,v
ÿÿÿif,c
ÿÿÿwould,v
ÿÿÿher,a
ÿÿÿall,d
ÿÿÿmy,a
ÿÿÿmake,v
ÿÿÿabout,i
ÿÿÿknow,v
ÿÿÿwill,v
ÿÿÿas,i
ÿÿÿup,r
ÿÿÿone,m
ÿÿÿtime,n
ÿÿÿthere,e
ÿÿÿyear,n
ÿÿÿso,r
ÿÿÿthink,v
ÿÿÿwhen,c
ÿÿÿwhich,d
ÿÿÿthem,p
ÿÿÿsome,d
ÿÿÿme,p
ÿÿÿpeople,n
ÿÿÿtake,v
ÿÿÿout,r
ÿÿÿinto,i
ÿÿÿjust,r
ÿÿÿsee,v
ÿÿÿhim,p
ÿÿÿyour,a
ÿÿÿcome,v
ÿÿÿcould,v
ÿÿÿnow,r
ÿÿÿthan,c
ÿÿÿlike,i
ÿÿÿother,j
ÿÿÿhow,r
ÿÿÿthen,r
ÿÿÿits,a
ÿÿÿour,a
ÿÿÿtwo,m
ÿÿÿmore,r
ÿÿÿthese,d
ÿÿÿwant,v
ÿÿÿway,n
ÿÿÿlook,v
ÿÿÿfirst,m
ÿÿÿalso,r
ÿÿÿnew,j
ÿÿÿbecause,c
ÿÿÿday,n
ÿÿÿmore,d
ÿÿÿuse,v
ÿÿÿno,a
ÿÿÿman,n
ÿÿÿfind,v
ÿÿÿhere,r
ÿÿÿthing,n
ÿÿÿgive,v
ÿÿÿmany,d
ÿÿÿwell,r
ÿÿÿonly,r
ÿÿÿthose,d
ÿÿÿtell,v
ÿÿÿone,p
ÿÿÿvery,r
ÿÿÿher,p
ÿÿÿeven,r
ÿÿÿback,r
ÿÿÿany,d
ÿÿÿgood,j
ÿÿÿwoman,n
ÿÿÿthrough,i
ÿÿÿus,p
ÿÿÿlife,n
ÿÿÿchild,n
ÿÿÿthere,r
ÿÿÿwork,v
ÿÿÿdown,r
ÿÿÿmay,v
ÿÿÿafter,i
ÿÿÿshould,v
ÿÿÿcall,v
ÿÿÿworld,n
ÿÿÿover,i
ÿÿÿschool,n
ÿÿÿstill,r
ÿÿÿtry,v
ÿÿÿin,r
ÿÿÿas,r
ÿÿÿlast,m
ÿÿÿask,v
ÿÿÿneed,v
ÿÿÿtoo,r
ÿÿÿfeel,v
ÿÿÿthree,m
ÿÿÿwhen,r
ÿÿÿstate,n
ÿÿÿnever,r
ÿÿÿbecome,v
ÿÿÿbetween,i
ÿÿÿhigh,j
ÿÿÿreally,r
ÿÿÿsomething,p
ÿÿÿmost,r
ÿÿÿanother,d
ÿÿÿmuch,d
ÿÿÿfamily,n
ÿÿÿown,d
ÿÿÿout,i
ÿÿÿleave,v
ÿÿÿput,v
ÿÿÿold,j
ÿÿÿwhile,c
ÿÿÿmean,v
ÿÿÿon,r
ÿÿÿkeep,v
ÿÿÿstudent,n
ÿÿÿwhy,r
ÿÿÿlet,v
ÿÿÿgreat,j
ÿÿÿsame,d
ÿÿÿbig,j
ÿÿÿgroup,n
ÿÿÿbegin,v
ÿÿÿseem,v
ÿÿÿcountry,n
ÿÿÿhelp,v
ÿÿÿtalk,v
ÿÿÿwhere,c
ÿÿÿturn,v
ÿÿÿproblem,n
ÿÿÿevery,a
ÿÿÿstart,v
ÿÿÿhand,n
ÿÿÿmight,v
ÿÿÿAmerican,j
ÿÿÿshow,v
ÿÿÿpart,n
ÿÿÿabout,r
ÿÿÿagainst,i
ÿÿÿplace,n
ÿÿÿover,r
ÿÿÿsuch,d
ÿÿÿagain,r
ÿÿÿfew,d
ÿÿÿcase,n
ÿÿÿmost,d
ÿÿÿweek,n
ÿÿÿcompany,n
ÿÿÿwhere,r
ÿÿÿsystem,n
ÿÿÿeach,d
ÿÿÿright,r
ÿÿÿprogram,n
ÿÿÿhear,v
ÿÿÿso,c
ÿÿÿquestion,n
ÿÿÿduring,i
ÿÿÿwork,n
ÿÿÿplay,v
ÿÿÿgovernment,n
ÿÿÿrun,v
ÿÿÿsmall,j
ÿÿÿnumber,n
ÿÿÿoff,r
ÿÿÿalways,r
ÿÿÿmove,v
ÿÿÿlike,v
ÿÿÿnight,n
ÿÿÿlive,v
ÿÿÿMr,n
ÿÿÿpoint,n
ÿÿÿbelieve,v
ÿÿÿhold,v
ÿÿÿtoday,r
ÿÿÿbring,v
ÿÿÿhappen,v
ÿÿÿnext,m
ÿÿÿwithout,i
ÿÿÿbefore,i
ÿÿÿlarge,j
ÿÿÿall,r
ÿÿÿmillion,m
ÿÿÿmust,v
ÿÿÿhome,n
ÿÿÿunder,i
ÿÿÿwater,n
ÿÿÿroom,n
ÿÿÿwrite,v
ÿÿÿmother,n
ÿÿÿarea,n
ÿÿÿnational,j
ÿÿÿmoney,n
ÿÿÿstory,n
ÿÿÿyoung,j
ÿÿÿfact,n
ÿÿÿmonth,n
ÿÿÿdifferent,j
ÿÿÿlot,n
ÿÿÿright,n
ÿÿÿstudy,n
ÿÿÿbook,n
ÿÿÿeye,n
ÿÿÿjob,n
ÿÿÿword,n
ÿÿÿthough,c
ÿÿÿbusiness,n
ÿÿÿissue,n
ÿÿÿside,n
ÿÿÿkind,n
ÿÿÿfour,m
ÿÿÿhead,n
ÿÿÿfar,r
ÿÿÿblack,j
ÿÿÿlong,j
ÿÿÿboth,d
ÿÿÿlittle,j
ÿÿÿhouse,n
ÿÿÿyes,u
ÿÿÿafter,c
ÿÿÿsince,c
ÿÿÿlong,r
ÿÿÿprovide,v
ÿÿÿservice,n
ÿÿÿaround,i
ÿÿÿfriend,n
ÿÿÿimportant,j
ÿÿÿfather,n
ÿÿÿsit,v
ÿÿÿaway,r
ÿÿÿuntil,c
ÿÿÿpower,n
ÿÿÿhour,n
ÿÿÿgame,n
ÿÿÿoften,r
ÿÿÿyet,r
ÿÿÿline,n
ÿÿÿpolitical,j
ÿÿÿend,n
ÿÿÿamong,i
ÿÿÿever,r
ÿÿÿstand,v
ÿÿÿbad,j
ÿÿÿlose,v
ÿÿÿhowever,r
ÿÿÿmember,n
ÿÿÿpay,v
ÿÿÿlaw,n
ÿÿÿmeet,v
ÿÿÿcar,n
ÿÿÿcity,n
ÿÿÿalmost,r
ÿÿÿinclude,v
ÿÿÿcontinue,v
ÿÿÿset,v
ÿÿÿlater,r
ÿÿÿcommunity,n
ÿÿÿmuch,r
ÿÿÿname,n
ÿÿÿfive,m
ÿÿÿonce,r
ÿÿÿwhite,j
ÿÿÿleast,r
ÿÿÿpresident,n
ÿÿÿlearn,v
ÿÿÿreal,j
ÿÿÿchange,v
ÿÿÿteam,n
ÿÿÿminute,n
ÿÿÿbest,j
ÿÿÿseveral,d
ÿÿÿidea,n
ÿÿÿkid,n
ÿÿÿbody,n
ÿÿÿinformation,n
ÿÿÿnothing,p
ÿÿÿago,r
ÿÿÿright,j
ÿÿÿlead,v
ÿÿÿsocial,j
ÿÿÿunderstand,v
ÿÿÿwhether,c
ÿÿÿback,n
ÿÿÿwatch,v
ÿÿÿtogether,r
ÿÿÿfollow,v
ÿÿÿaround,r
ÿÿÿparent,n
ÿÿÿonly,j
ÿÿÿstop,v
ÿÿÿface,n
ÿÿÿanything,p
ÿÿÿcreate,v
ÿÿÿpublic,j
ÿÿÿalready,r
ÿÿÿspeak,v
ÿÿÿothers,n
ÿÿÿread,v
ÿÿÿlevel,n
ÿÿÿallow,v
ÿÿÿadd,v
ÿÿÿoffice,n
ÿÿÿspend,v
ÿÿÿdoor,n
ÿÿÿhealth,n
ÿÿÿperson,n
ÿÿÿart,n
ÿÿÿsure,j
ÿÿÿsuch,i
ÿÿÿwar,n
ÿÿÿhistory,n
ÿÿÿparty,n
ÿÿÿwithin,i
ÿÿÿgrow,v
ÿÿÿresult,n
ÿÿÿopen,v
ÿÿÿchange,n
ÿÿÿmorning,n
ÿÿÿwalk,v
ÿÿÿreason,n
ÿÿÿlow,j
ÿÿÿwin,v
ÿÿÿresearch,n
ÿÿÿgirl,n
ÿÿÿguy,n
ÿÿÿearly,j
ÿÿÿfood,n
ÿÿÿbefore,c
ÿÿÿmoment,n
ÿÿÿhimself,p
ÿÿÿair,n
ÿÿÿteacher,n
ÿÿÿforce,n
ÿÿÿoffer,v
ÿÿÿenough,r
ÿÿÿboth,r
ÿÿÿeducation,n
ÿÿÿacross,i
ÿÿÿalthough,c
ÿÿÿremember,v
ÿÿÿfoot,n
ÿÿÿsecond,m
ÿÿÿboy,n
ÿÿÿmaybe,r
ÿÿÿtoward,i
ÿÿÿable,j
ÿÿÿage,n
ÿÿÿoff,i
ÿÿÿpolicy,n
ÿÿÿeverything,p
ÿÿÿlove,v
ÿÿÿprocess,n
ÿÿÿmusic,n
ÿÿÿincluding,i
ÿÿÿconsider,v
ÿÿÿappear,v
ÿÿÿactually,r
ÿÿÿbuy,v
ÿÿÿprobably,r
ÿÿÿhuman,j
ÿÿÿwait,v
ÿÿÿserve,v
ÿÿÿmarket,n
ÿÿÿdie,v
ÿÿÿsend,v
ÿÿÿexpect,v
ÿÿÿhome,r
ÿÿÿsense,n
ÿÿÿbuild,v
ÿÿÿstay,v
ÿÿÿfall,v
ÿÿÿoh,u
ÿÿÿnation,n
ÿÿÿplan,n
ÿÿÿcut,v
ÿÿÿcollege,n
ÿÿÿinterest,n
ÿÿÿdeath,n
ÿÿÿcourse,r
ÿÿÿsomeone,p
ÿÿÿexperience,n
ÿÿÿbehind,i
ÿÿÿreach,v
ÿÿÿlocal,j
ÿÿÿkill,v
ÿÿÿsix,m
ÿÿÿremain,v
ÿÿÿeffect,n
ÿÿÿuse,n
ÿÿÿyeah,u
ÿÿÿsuggest,v
ÿÿÿclass,n
ÿÿÿcontrol,n
ÿÿÿraise,v
ÿÿÿcare,n
ÿÿÿperhaps,r
ÿÿÿlittle,r
ÿÿÿlate,j
ÿÿÿhard,j
ÿÿÿfield,n
ÿÿÿelse,r
ÿÿÿpass,v
ÿÿÿformer,d
ÿÿÿsell,v
ÿÿÿmajor,j
ÿÿÿsometimes,r
ÿÿÿrequire,v
ÿÿÿalong,i
ÿÿÿdevelopment,n
ÿÿÿthemselves,p
ÿÿÿreport,v
ÿÿÿrole,n
ÿÿÿbetter,j
ÿÿÿeconomic,j
ÿÿÿeffort,n
ÿÿÿup,i
ÿÿÿdecide,v
ÿÿÿrate,n
ÿÿÿstrong,j
ÿÿÿpossible,j
ÿÿÿheart,n
ÿÿÿdrug,n
ÿÿÿshow,n
ÿÿÿleader,n
ÿÿÿlight,n
ÿÿÿvoice,n
ÿÿÿwife,n
ÿÿÿwhole,j
ÿÿÿpolice,n
ÿÿÿmind,n
ÿÿÿfinally,r
ÿÿÿpull,v
ÿÿÿreturn,v
ÿÿÿfree,j
ÿÿÿmilitary,j
ÿÿÿprice,n
ÿÿÿreport,n
ÿÿÿless,r
ÿÿÿaccording,i
ÿÿÿdecision,n
ÿÿÿexplain,v
ÿÿÿson,n
ÿÿÿhope,v
ÿÿÿeven,c
ÿÿÿdevelop,v
ÿÿÿview,n
ÿÿÿrelationship,n
ÿÿÿcarry,v
ÿÿÿtown,n
ÿÿÿroad,n
ÿÿÿdrive,v
ÿÿÿarm,n
ÿÿÿtrue,j
ÿÿÿfederal,j
ÿÿÿbreak,v
ÿÿÿbetter,r
ÿÿÿdifference,n
ÿÿÿthank,v
ÿÿÿreceive,v
ÿÿÿvalue,n
ÿÿÿinternational,j
ÿÿÿbuilding,n
ÿÿÿaction,n
ÿÿÿfull,j
ÿÿÿmodel,n
ÿÿÿjoin,v
ÿÿÿseason,n
ÿÿÿsociety,n
ÿÿÿbecause,i
ÿÿÿtax,n
ÿÿÿdirector,n
ÿÿÿearly,r
ÿÿÿposition,n
ÿÿÿplayer,n
ÿÿÿagree,v
ÿÿÿespecially,r
ÿÿÿrecord,n
ÿÿÿpick,v
ÿÿÿwear,v
ÿÿÿpaper,n
ÿÿÿspecial,j
ÿÿÿspace,n
ÿÿÿground,n
ÿÿÿform,n
ÿÿÿsupport,v
ÿÿÿevent,n
ÿÿÿofficial,n
ÿÿÿwhose,d
ÿÿÿmatter,n
ÿÿÿeveryone,p
ÿÿÿcenter,n
ÿÿÿcouple,n
ÿÿÿsite,n
ÿÿÿend,v
ÿÿÿproject,n
ÿÿÿhit,v
ÿÿÿbase,v
ÿÿÿactivity,n
ÿÿÿstar,n
ÿÿÿtable,n
ÿÿÿneed,n
ÿÿÿcourt,n
ÿÿÿproduce,v
ÿÿÿeat,v
ÿÿÿAmerican,n
ÿÿÿteach,v
ÿÿÿoil,n
ÿÿÿhalf,d
ÿÿÿsituation,n
ÿÿÿeasy,j
ÿÿÿcost,n
ÿÿÿindustry,n
ÿÿÿfigure,n
ÿÿÿface,v
ÿÿÿstreet,n
ÿÿÿimage,n
ÿÿÿitself,p
ÿÿÿphone,n
ÿÿÿeither,r
ÿÿÿdata,n
ÿÿÿcover,v
ÿÿÿquite,r
ÿÿÿpicture,n
ÿÿÿclear,j
ÿÿÿpractice,n
ÿÿÿpiece,n
ÿÿÿland,n
ÿÿÿrecent,j
ÿÿÿdescribe,v
ÿÿÿproduct,n
ÿÿÿdoctor,n
ÿÿÿwall,n
ÿÿÿpatient,n
ÿÿÿworker,n
ÿÿÿnews,n
ÿÿÿtest,n
ÿÿÿmovie,n
ÿÿÿcertain,j
ÿÿÿnorth,n
ÿÿÿlove,n
ÿÿÿpersonal,j
ÿÿÿopen,j
ÿÿÿsupport,n
ÿÿÿsimply,r
ÿÿÿthird,m
ÿÿÿtechnology,n
ÿÿÿcatch,v
ÿÿÿstep,n
ÿÿÿbaby,n
ÿÿÿcomputer,n
ÿÿÿtype,n
ÿÿÿattention,n
ÿÿÿdraw,v
ÿÿÿfilm,n
ÿÿÿRepublican,n
ÿÿÿtree,n
ÿÿÿsource,n
ÿÿÿred,j
ÿÿÿnearly,r
ÿÿÿorganization,n
ÿÿÿchoose,v
ÿÿÿcause,v
ÿÿÿhair,n
ÿÿÿlook,n
ÿÿÿpoint,v
ÿÿÿcentury,n
ÿÿÿevidence,n
ÿÿÿwindow,n
ÿÿÿdifficult,j
ÿÿÿlisten,v
ÿÿÿsoon,r
ÿÿÿculture,n
ÿÿÿbillion,m
ÿÿÿchance,n
ÿÿÿbrother,n
ÿÿÿenergy,n
ÿÿÿperiod,n
ÿÿÿcourse,n
ÿÿÿsummer,n
ÿÿÿless,d
ÿÿÿrealize,v
ÿÿÿhundred,m
ÿÿÿavailable,j
ÿÿÿplant,n
ÿÿÿlikely,j
ÿÿÿopportunity,n
ÿÿÿterm,n
ÿÿÿshort,j
ÿÿÿletter,n
ÿÿÿcondition,n
ÿÿÿchoice,n
ÿÿÿplace,v
ÿÿÿsingle,j
ÿÿÿrule,n
ÿÿÿdaughter,n
ÿÿÿadministration,n
ÿÿÿsouth,n
ÿÿÿhusband,n
ÿÿÿCongress,n
ÿÿÿfloor,n
ÿÿÿcampaign,n
ÿÿÿmaterial,n
ÿÿÿpopulation,n
ÿÿÿwell,i
ÿÿÿcall,n
ÿÿÿeconomy,n
ÿÿÿmedical,j
ÿÿÿhospital,n
ÿÿÿchurch,n
ÿÿÿclose,v
ÿÿÿthousand,m
ÿÿÿrisk,n
ÿÿÿcurrent,j
ÿÿÿfire,n
ÿÿÿfuture,n
ÿÿÿwrong,j
ÿÿÿinvolve,v
ÿÿÿdefense,n
ÿÿÿanyone,p
ÿÿÿincrease,v
ÿÿÿsecurity,n
ÿÿÿbank,n
ÿÿÿmyself,p
ÿÿÿcertainly,r
ÿÿÿwest,n
ÿÿÿsport,n
ÿÿÿboard,n
ÿÿÿseek,v
ÿÿÿper,i
ÿÿÿsubject,n
ÿÿÿofficer,n
ÿÿÿprivate,j
ÿÿÿrest,n
ÿÿÿbehavior,n
ÿÿÿdeal,v
ÿÿÿperformance,n
ÿÿÿfight,v
ÿÿÿthrow,v
ÿÿÿtop,n
ÿÿÿquickly,r
ÿÿÿpast,j
ÿÿÿgoal,n
ÿÿÿsecond,n
ÿÿÿbed,n
ÿÿÿorder,n
ÿÿÿauthor,n
ÿÿÿfill,v
ÿÿÿrepresent,v
ÿÿÿfocus,v
ÿÿÿforeign,j
ÿÿÿdrop,v
ÿÿÿplan,v
ÿÿÿblood,n
ÿÿÿupon,i
ÿÿÿagency,n
ÿÿÿpush,v
ÿÿÿnature,n
ÿÿÿcolor,n
ÿÿÿno,r
ÿÿÿrecently,r
ÿÿÿstore,n
ÿÿÿreduce,v
ÿÿÿsound,n
ÿÿÿnote,v
ÿÿÿfine,j
ÿÿÿbefore,r
ÿÿÿnear,i
ÿÿÿmovement,n
ÿÿÿpage,n
ÿÿÿenter,v
ÿÿÿshare,v
ÿÿÿthan,i
ÿÿÿcommon,j
ÿÿÿpoor,j
ÿÿÿother,p
ÿÿÿnatural,j
ÿÿÿrace,n
ÿÿÿconcern,n
ÿÿÿseries,n
ÿÿÿsignificant,j
ÿÿÿsimilar,j
ÿÿÿhot,j
ÿÿÿlanguage,n
ÿÿÿeach,p
ÿÿÿusually,r
ÿÿÿresponse,n
ÿÿÿdead,j
ÿÿÿrise,v
ÿÿÿanimal,n
ÿÿÿfactor,n
ÿÿÿdecade,n
ÿÿÿarticle,n
ÿÿÿshoot,v
ÿÿÿeast,n
ÿÿÿsave,v
ÿÿÿseven,m
ÿÿÿartist,n
ÿÿÿaway,i
ÿÿÿscene,n
ÿÿÿstock,n
ÿÿÿcareer,n
ÿÿÿdespite,i
ÿÿÿcentral,j
ÿÿÿeight,m
ÿÿÿthus,r
ÿÿÿtreatment,n
ÿÿÿbeyond,i
ÿÿÿhappy,j
ÿÿÿexactly,r
ÿÿÿprotect,v
ÿÿÿapproach,n
ÿÿÿlie,v
ÿÿÿsize,n
ÿÿÿdog,n
ÿÿÿfund,n
ÿÿÿserious,j
ÿÿÿoccur,v
ÿÿÿmedia,n
ÿÿÿready,j
ÿÿÿsign,n
ÿÿÿthought,n
ÿÿÿlist,n
ÿÿÿindividual,n
ÿÿÿsimple,j
ÿÿÿquality,n
ÿÿÿpressure,n
ÿÿÿaccept,v
ÿÿÿanswer,n
ÿÿÿhard,r
ÿÿÿresource,n
ÿÿÿidentify,v
ÿÿÿleft,j
ÿÿÿmeeting,n
ÿÿÿdetermine,v
ÿÿÿprepare,v
ÿÿÿdisease,n
ÿÿÿwhatever,d
ÿÿÿsuccess,n
ÿÿÿargue,v
ÿÿÿcup,n
ÿÿÿparticularly,r
ÿÿÿamount,n
ÿÿÿability,n
ÿÿÿstaff,n
ÿÿÿrecognize,v
ÿÿÿindicate,v
ÿÿÿcharacter,n
ÿÿÿgrowth,n
ÿÿÿloss,n
ÿÿÿdegree,n
ÿÿÿwonder,v
ÿÿÿattack,n
ÿÿÿherself,p
ÿÿÿregion,n
ÿÿÿtelevision,n
ÿÿÿbox,n
ÿÿÿTV,n
ÿÿÿtraining,n
ÿÿÿpretty,r
ÿÿÿtrade,n
ÿÿÿdeal,n
ÿÿÿelection,n
ÿÿÿeverybody,p
ÿÿÿphysical,j
ÿÿÿlay,v
ÿÿÿgeneral,j
ÿÿÿfeeling,n
ÿÿÿstandard,n
ÿÿÿbill,n
ÿÿÿmessage,n
ÿÿÿfail,v
ÿÿÿoutside,i
ÿÿÿarrive,v
ÿÿÿanalysis,n
ÿÿÿbenefit,n
ÿÿÿname,v
ÿÿÿsex,n
ÿÿÿforward,r
ÿÿÿlawyer,n
ÿÿÿpresent,v
ÿÿÿsection,n
ÿÿÿenvironmental,j
ÿÿÿglass,n
ÿÿÿanswer,v
ÿÿÿskill,n
ÿÿÿsister,n
ÿÿÿPM,r
ÿÿÿprofessor,n
ÿÿÿoperation,n
ÿÿÿfinancial,j
ÿÿÿcrime,n
ÿÿÿstage,n
ÿÿÿok,r
ÿÿÿcompare,v
ÿÿÿauthority,n
ÿÿÿmiss,v
ÿÿÿdesign,n
ÿÿÿsort,n
ÿÿÿone,n
ÿÿÿact,v
ÿÿÿten,m
ÿÿÿknowledge,n
ÿÿÿgun,n
ÿÿÿstation,n
ÿÿÿblue,j
ÿÿÿstate,v
ÿÿÿstrategy,n
ÿÿÿlittle,d
ÿÿÿclearly,r
ÿÿÿdiscuss,v
ÿÿÿindeed,r
ÿÿÿforce,v
ÿÿÿtruth,n
ÿÿÿsong,n
ÿÿÿexample,n
ÿÿÿdemocratic,j
ÿÿÿcheck,v
ÿÿÿenvironment,n
ÿÿÿleg,n
ÿÿÿdark,j
ÿÿÿpublic,n
ÿÿÿvarious,j
ÿÿÿrather,r
ÿÿÿlaugh,v
ÿÿÿguess,v
ÿÿÿexecutive,n
ÿÿÿset,n
ÿÿÿstudy,v
ÿÿÿprove,v
ÿÿÿhang,v
ÿÿÿentire,j
ÿÿÿrock,n
ÿÿÿdesign,v
ÿÿÿenough,d
ÿÿÿforget,v
ÿÿÿsince,i
ÿÿÿclaim,v
ÿÿÿnote,n
ÿÿÿremove,v
ÿÿÿmanager,n
ÿÿÿhelp,n
ÿÿÿclose,j
ÿÿÿsound,v
ÿÿÿenjoy,v
ÿÿÿnetwork,n
ÿÿÿlegal,j
ÿÿÿreligious,j
ÿÿÿcold,j
ÿÿÿform,v
ÿÿÿfinal,j
ÿÿÿmain,j
ÿÿÿscience,n
ÿÿÿgreen,j
ÿÿÿmemory,n
ÿÿÿcard,n
ÿÿÿabove,i
ÿÿÿseat,n
ÿÿÿcell,n
ÿÿÿestablish,v
ÿÿÿnice,j
ÿÿÿtrial,n
ÿÿÿexpert,n
ÿÿÿthat,r
ÿÿÿspring,n
ÿÿÿfirm,n
ÿÿÿDemocrat,n
ÿÿÿradio,n
ÿÿÿvisit,v
ÿÿÿmanagement,n
ÿÿÿcare,v
ÿÿÿavoid,v
ÿÿÿimagine,v
ÿÿÿtonight,r
ÿÿÿhuge,j
ÿÿÿball,n
ÿÿÿno,u
ÿÿÿclose,r
ÿÿÿfinish,v
ÿÿÿyourself,p
ÿÿÿtalk,n
ÿÿÿtheory,n
ÿÿÿimpact,n
ÿÿÿrespond,v
ÿÿÿstatement,n
ÿÿÿmaintain,v
ÿÿÿcharge,n
ÿÿÿpopular,j
ÿÿÿtraditional,j
ÿÿÿonto,i
ÿÿÿreveal,v
ÿÿÿdirection,n
ÿÿÿweapon,n
ÿÿÿemployee,n
ÿÿÿcultural,j
ÿÿÿcontain,v
ÿÿÿpeace,n
ÿÿÿhead,v
ÿÿÿcontrol,v
ÿÿÿbase,n
ÿÿÿpain,n
ÿÿÿapply,v
ÿÿÿplay,n
ÿÿÿmeasure,n
ÿÿÿwide,j
ÿÿÿshake,v
ÿÿÿfly,v
ÿÿÿinterview,n
ÿÿÿmanage,v
ÿÿÿchair,n
ÿÿÿfish,n
ÿÿÿparticular,j
ÿÿÿcamera,n
ÿÿÿstructure,n
ÿÿÿpolitics,n
ÿÿÿperform,v
ÿÿÿbit,n
ÿÿÿweight,n
ÿÿÿsuddenly,r
ÿÿÿdiscover,v
ÿÿÿcandidate,n
ÿÿÿtop,j
ÿÿÿproduction,n
ÿÿÿtreat,v
ÿÿÿtrip,n
ÿÿÿevening,n
ÿÿÿaffect,v
ÿÿÿinside,i
ÿÿÿconference,n
ÿÿÿunit,n
ÿÿÿbest,r
ÿÿÿstyle,n
ÿÿÿadult,n
ÿÿÿworry,v
ÿÿÿrange,n
ÿÿÿmention,v
ÿÿÿrather,i
ÿÿÿfar,j
ÿÿÿdeep,j
ÿÿÿpast,n
ÿÿÿedge,n
ÿÿÿindividual,j
ÿÿÿspecific,j
ÿÿÿwriter,n
ÿÿÿtrouble,n
ÿÿÿnecessary,j
ÿÿÿthroughout,i
ÿÿÿchallenge,n
ÿÿÿfear,n
ÿÿÿshoulder,n
ÿÿÿinstitution,n
ÿÿÿmiddle,j
ÿÿÿsea,n
ÿÿÿdream,n
ÿÿÿbar,n
ÿÿÿbeautiful,j
ÿÿÿproperty,n
ÿÿÿinstead,r
ÿÿÿimprove,v
ÿÿÿstuff,n
ÿÿÿdetail,n
ÿÿÿmethod,n
ÿÿÿsign,v
ÿÿÿsomebody,p
ÿÿÿmagazine,n
ÿÿÿhotel,n
ÿÿÿsoldier,n
ÿÿÿreflect,v
ÿÿÿheavy,j
ÿÿÿsexual,j
ÿÿÿcause,n
ÿÿÿbag,n
ÿÿÿheat,n
ÿÿÿfall,n
ÿÿÿmarriage,n
ÿÿÿtough,j
ÿÿÿsing,v
ÿÿÿsurface,n
ÿÿÿpurpose,n
ÿÿÿexist,v
ÿÿÿpattern,n
ÿÿÿwhom,p
ÿÿÿskin,n
ÿÿÿagent,n
ÿÿÿowner,n
ÿÿÿmachine,n
ÿÿÿgas,n
ÿÿÿdown,i
ÿÿÿahead,r
ÿÿÿgeneration,n
ÿÿÿcommercial,j
ÿÿÿaddress,v
ÿÿÿcancer,n
ÿÿÿtest,v
ÿÿÿitem,n
ÿÿÿreality,n
ÿÿÿcoach,n
ÿÿÿstep,v
ÿÿÿMrs,n
ÿÿÿyard,n
ÿÿÿbeat,v
ÿÿÿviolence,n
ÿÿÿtotal,j
ÿÿÿtend,v
ÿÿÿinvestment,n
ÿÿÿdiscussion,n
ÿÿÿfinger,n
ÿÿÿgarden,n
ÿÿÿnotice,v
ÿÿÿcollection,n
ÿÿÿmodern,j
ÿÿÿtask,n
ÿÿÿpartner,n
ÿÿÿpositive,j
ÿÿÿcivil,j
ÿÿÿkitchen,n
ÿÿÿconsumer,n
ÿÿÿshot,n
ÿÿÿbudget,n
ÿÿÿwish,v
ÿÿÿpainting,n
ÿÿÿscientist,n
ÿÿÿsafe,j
ÿÿÿagreement,n
ÿÿÿcapital,n
ÿÿÿmouth,n
ÿÿÿnor,c
ÿÿÿvictim,n
ÿÿÿnewspaper,n
ÿÿÿinstead,i
ÿÿÿthreat,n
ÿÿÿresponsibility,n
ÿÿÿsmile,v
ÿÿÿattorney,n
ÿÿÿscore,n
ÿÿÿaccount,n
ÿÿÿinteresting,j
ÿÿÿbreak,n
ÿÿÿaudience,n
ÿÿÿrich,j
ÿÿÿdinner,n
ÿÿÿfigure,v
ÿÿÿvote,n
ÿÿÿwestern,j
ÿÿÿrelate,v
ÿÿÿtravel,v
ÿÿÿdebate,n
ÿÿÿprevent,v
ÿÿÿcitizen,n
ÿÿÿmajority,n
ÿÿÿnone,p
ÿÿÿfront,i
ÿÿÿborn,v
ÿÿÿadmit,v
ÿÿÿsenior,j
ÿÿÿassume,v
ÿÿÿwind,n
ÿÿÿkey,j
ÿÿÿprofessional,j
ÿÿÿmission,n
ÿÿÿfast,r
ÿÿÿalone,r
ÿÿÿcustomer,n
ÿÿÿsuffer,v
ÿÿÿspeech,n
ÿÿÿsuccessful,j
ÿÿÿoption,n
ÿÿÿparticipant,n
ÿÿÿsouthern,j
ÿÿÿfresh,j
ÿÿÿeventually,r
ÿÿÿno,p
ÿÿÿforest,n
ÿÿÿvideo,n
ÿÿÿglobal,j
ÿÿÿSenate,n
ÿÿÿreform,n
ÿÿÿaccess,n
ÿÿÿrestaurant,n
ÿÿÿjudge,n
ÿÿÿpublish,v
ÿÿÿcost,v
ÿÿÿrelation,n
ÿÿÿlike,c
ÿÿÿrelease,v
ÿÿÿown,v
ÿÿÿbird,n
ÿÿÿopinion,n
ÿÿÿcredit,n
ÿÿÿcritical,j
ÿÿÿcorner,n
ÿÿÿconcerned,j
ÿÿÿrecall,v
ÿÿÿversion,n
ÿÿÿstare,v
ÿÿÿsafety,n
ÿÿÿeffective,j
ÿÿÿneighborhood,n
ÿÿÿoriginal,j
ÿÿÿact,n
ÿÿÿtroop,n
ÿÿÿincome,n
ÿÿÿdirectly,r
ÿÿÿhurt,v
ÿÿÿspecies,n
ÿÿÿimmediately,r
ÿÿÿtrack,n
ÿÿÿbasic,j
ÿÿÿstrike,v
ÿÿÿhope,n
ÿÿÿsky,n
ÿÿÿfreedom,n
ÿÿÿabsolutely,r
ÿÿÿplane,n
ÿÿÿnobody,p
ÿÿÿachieve,v
ÿÿÿobject,n
ÿÿÿattitude,n
ÿÿÿlabor,n
ÿÿÿrefer,v
ÿÿÿconcept,n
ÿÿÿclient,n
ÿÿÿpowerful,j
ÿÿÿperfect,j
ÿÿÿnine,m
ÿÿÿtherefore,r
ÿÿÿconduct,v
ÿÿÿannounce,v
ÿÿÿconversation,n
ÿÿÿexamine,v
ÿÿÿtouch,v
ÿÿÿplease,r
ÿÿÿattend,v
ÿÿÿcompletely,r
ÿÿÿvote,v
ÿÿÿvariety,n
ÿÿÿsleep,v
ÿÿÿturn,n
ÿÿÿinvolved,j
ÿÿÿinvestigation,n
ÿÿÿnuclear,j
ÿÿÿresearcher,n
ÿÿÿpress,n
ÿÿÿconflict,n
ÿÿÿspirit,n
ÿÿÿexperience,v
ÿÿÿreplace,v
ÿÿÿBritish,j
ÿÿÿencourage,v
ÿÿÿargument,n
ÿÿÿby,r
ÿÿÿonce,c
ÿÿÿcamp,n
ÿÿÿbrain,n
ÿÿÿfeature,n
ÿÿÿafternoon,n
ÿÿÿAM,r
ÿÿÿweekend,n
ÿÿÿdozen,m
ÿÿÿpossibility,n
ÿÿÿalong,r
ÿÿÿinsurance,n
ÿÿÿdepartment,n
ÿÿÿbattle,n
ÿÿÿbeginning,n
ÿÿÿdate,n
ÿÿÿgenerally,r
ÿÿÿAfrican,j
ÿÿÿvery,j
ÿÿÿsorry,j
ÿÿÿcrisis,n
ÿÿÿcomplete,v
ÿÿÿfan,n
ÿÿÿstick,v
ÿÿÿdefine,v
ÿÿÿeasily,r
ÿÿÿthrough,r
ÿÿÿhole,n
ÿÿÿelement,n
ÿÿÿvision,n
ÿÿÿstatus,n
ÿÿÿnormal,j
ÿÿÿChinese,j
ÿÿÿship,n
ÿÿÿsolution,n
ÿÿÿstone,n
ÿÿÿslowly,r
ÿÿÿscale,n
ÿÿÿbit,r
ÿÿÿuniversity,n
ÿÿÿintroduce,v
ÿÿÿdriver,n
ÿÿÿattempt,n
ÿÿÿpark,n
ÿÿÿspot,n
ÿÿÿlack,n
ÿÿÿice,n
ÿÿÿboat,n
ÿÿÿdrink,v
ÿÿÿsun,n
ÿÿÿfront,j
ÿÿÿdistance,n
ÿÿÿwood,n
ÿÿÿhandle,v
ÿÿÿtruck,n
ÿÿÿreturn,n
ÿÿÿmountain,n
ÿÿÿsurvey,n
ÿÿÿsupposed,j
ÿÿÿtradition,n
ÿÿÿwinter,n
ÿÿÿvillage,n
ÿÿÿSoviet,j
ÿÿÿrefuse,v
ÿÿÿsales,n
ÿÿÿroll,v
ÿÿÿcommunication,n
ÿÿÿrun,n
ÿÿÿscreen,n
ÿÿÿgain,v
ÿÿÿresident,n
ÿÿÿhide,v
ÿÿÿgold,n
ÿÿÿclub,n
ÿÿÿfuture,j
ÿÿÿfarm,n
ÿÿÿpotential,j
ÿÿÿincrease,n
ÿÿÿmiddle,n
ÿÿÿEuropean,j
ÿÿÿpresence,n
ÿÿÿindependent,j
ÿÿÿdistrict,n
ÿÿÿshape,n
ÿÿÿreader,n
ÿÿÿMs,n
ÿÿÿcontract,n
ÿÿÿcrowd,n
ÿÿÿChristian,j
ÿÿÿexpress,v
ÿÿÿapartment,n
ÿÿÿwilling,j
ÿÿÿstrength,n
ÿÿÿprevious,j
ÿÿÿband,n
ÿÿÿobviously,r
ÿÿÿhorse,n
ÿÿÿinterested,j
ÿÿÿtarget,n
ÿÿÿprison,n
ÿÿÿride,v
ÿÿÿguard,n
ÿÿÿterms,i
ÿÿÿdemand,n
ÿÿÿreporter,n
ÿÿÿdeliver,v
ÿÿÿtext,n
ÿÿÿshare,n
ÿÿÿtool,n
ÿÿÿwild,j
ÿÿÿvehicle,n
ÿÿÿobserve,v
ÿÿÿflight,n
ÿÿÿinside,r
ÿÿÿfacility,n
ÿÿÿunderstanding,n
ÿÿÿaverage,j
ÿÿÿemerge,v
ÿÿÿadvantage,n
ÿÿÿquick,j
ÿÿÿlight,j
ÿÿÿleadership,n
ÿÿÿearn,v
ÿÿÿpound,n
ÿÿÿbasis,n
ÿÿÿbright,j
ÿÿÿoperate,v
ÿÿÿguest,n
ÿÿÿsample,n
ÿÿÿcontribute,v
ÿÿÿtiny,j
ÿÿÿblock,n
ÿÿÿprotection,n
ÿÿÿsettle,v
ÿÿÿfeed,v
ÿÿÿcollect,v
ÿÿÿadditional,j
ÿÿÿwhile,n
ÿÿÿhighly,r
ÿÿÿidentity,n
ÿÿÿtitle,n
ÿÿÿmostly,r
ÿÿÿlesson,n
ÿÿÿfaith,n
ÿÿÿriver,n
ÿÿÿpromote,v
ÿÿÿliving,n
ÿÿÿpresent,j
ÿÿÿcount,v
ÿÿÿunless,c
ÿÿÿmarry,v
ÿÿÿtomorrow,r
ÿÿÿtechnique,n
ÿÿÿpath,n
ÿÿÿear,n
ÿÿÿshop,n
ÿÿÿfolk,n
ÿÿÿorder,v
ÿÿÿprinciple,n
ÿÿÿsurvive,v
ÿÿÿlift,v
ÿÿÿborder,n
ÿÿÿcompetition,n
ÿÿÿjump,v
ÿÿÿgather,v
ÿÿÿlimit,v
ÿÿÿfit,v
ÿÿÿclaim,n
ÿÿÿcry,v
ÿÿÿequipment,n
ÿÿÿworth,i
ÿÿÿassociate,v
ÿÿÿcritic,n
ÿÿÿwarm,j
ÿÿÿaspect,n
ÿÿÿresult,v
ÿÿÿinsist,v
ÿÿÿfailure,n
ÿÿÿannual,j
ÿÿÿFrench,j
ÿÿÿChristmas,n
ÿÿÿcomment,n
ÿÿÿresponsible,j
ÿÿÿaffair,n
ÿÿÿapproach,v
ÿÿÿuntil,i
ÿÿÿprocedure,n
ÿÿÿregular,j
ÿÿÿspread,v
ÿÿÿchairman,n
ÿÿÿbaseball,n
ÿÿÿsoft,j
ÿÿÿignore,v
ÿÿÿegg,n
ÿÿÿmeasure,v
ÿÿÿbelief,n
ÿÿÿdemonstrate,v
ÿÿÿanybody,p
ÿÿÿmurder,n
ÿÿÿgift,n
ÿÿÿreligion,n
ÿÿÿreview,n
ÿÿÿeditor,n
ÿÿÿpast,i
ÿÿÿengage,v
ÿÿÿcoffee,n
ÿÿÿdocument,n
ÿÿÿspeed,n
ÿÿÿcross,v
ÿÿÿinfluence,n
ÿÿÿanyway,r
ÿÿÿthreaten,v
ÿÿÿcommit,v
ÿÿÿfemale,j
ÿÿÿyouth,n
ÿÿÿwave,n
ÿÿÿmove,n
ÿÿÿafraid,j
ÿÿÿquarter,n
ÿÿÿbackground,n
ÿÿÿnative,j
ÿÿÿbroad,j
ÿÿÿwonderful,j
ÿÿÿdeny,v
ÿÿÿapparently,r
ÿÿÿslightly,r
ÿÿÿreaction,n
ÿÿÿtwice,r
ÿÿÿsuit,n
ÿÿÿperspective,n
ÿÿÿgrowing,j
ÿÿÿblow,v
ÿÿÿconstruction,n
ÿÿÿkind,r
ÿÿÿintelligence,n
ÿÿÿdestroy,v
ÿÿÿcook,v
ÿÿÿconnection,n
ÿÿÿcharge,v
ÿÿÿburn,v
ÿÿÿshoe,n
ÿÿÿview,v
ÿÿÿgrade,n
ÿÿÿcontext,n
ÿÿÿcommittee,n
ÿÿÿhey,u
ÿÿÿmistake,n
ÿÿÿfocus,n
ÿÿÿsmile,n
ÿÿÿlocation,n
ÿÿÿclothes,n
ÿÿÿIndian,j
ÿÿÿquiet,j
ÿÿÿdress,v
ÿÿÿpromise,v
ÿÿÿaware,j
ÿÿÿneighbor,n
ÿÿÿcomplete,j
ÿÿÿdrive,n
ÿÿÿfunction,n
ÿÿÿbone,n
ÿÿÿactive,j
ÿÿÿextend,v
ÿÿÿchief,j
ÿÿÿaverage,n
ÿÿÿcombine,v
ÿÿÿwine,n
ÿÿÿbelow,r
ÿÿÿcool,j
ÿÿÿvoter,n
ÿÿÿmean,n
ÿÿÿdemand,v
ÿÿÿlearning,n
ÿÿÿbus,n
ÿÿÿhell,n
ÿÿÿdangerous,j
ÿÿÿremind,v
ÿÿÿmoral,j
ÿÿÿUnited,j
ÿÿÿcategory,n
ÿÿÿrelatively,r
ÿÿÿvictory,n
ÿÿÿkey,n
ÿÿÿacademic,j
ÿÿÿvisit,n
ÿÿÿInternet,n
ÿÿÿhealthy,j
ÿÿÿfire,v
ÿÿÿnegative,j
ÿÿÿfollowing,j
ÿÿÿhistorical,j
ÿÿÿmedicine,n
ÿÿÿtour,n
ÿÿÿdepend,v
ÿÿÿphoto,n
ÿÿÿfinding,n
ÿÿÿgrab,v
ÿÿÿdirect,j
ÿÿÿclassroom,n
ÿÿÿcontact,n
ÿÿÿjustice,n
ÿÿÿparticipate,v
ÿÿÿdaily,j
ÿÿÿfair,j
ÿÿÿpair,n
ÿÿÿfamous,j
ÿÿÿexercise,n
ÿÿÿknee,n
ÿÿÿflower,n
ÿÿÿtape,n
ÿÿÿhire,v
ÿÿÿfamiliar,j
ÿÿÿappropriate,j
ÿÿÿsupply,n
ÿÿÿfully,r
ÿÿÿcut,n
ÿÿÿwill,n
ÿÿÿactor,n
ÿÿÿbirth,n
ÿÿÿsearch,n
ÿÿÿtie,v
ÿÿÿdemocracy,n
ÿÿÿeastern,j
ÿÿÿprimary,j
ÿÿÿyesterday,r
ÿÿÿcircle,n
ÿÿÿdevice,n
ÿÿÿprogress,n
ÿÿÿnext,i
ÿÿÿfront,n
ÿÿÿbottom,n
ÿÿÿisland,n
ÿÿÿexchange,n
ÿÿÿclean,j
ÿÿÿstudio,n
ÿÿÿtrain,v
ÿÿÿlady,n
ÿÿÿcolleague,n
ÿÿÿapplication,n
ÿÿÿneck,n
ÿÿÿlean,v
ÿÿÿdamage,n
ÿÿÿplastic,n
ÿÿÿtall,j
ÿÿÿplate,n
ÿÿÿhate,v
ÿÿÿotherwise,r
ÿÿÿwriting,n
ÿÿÿpress,v
ÿÿÿmale,j
ÿÿÿstart,n
ÿÿÿalive,j
ÿÿÿexpression,n
ÿÿÿfootball,n
ÿÿÿintend,v
ÿÿÿattack,v
ÿÿÿchicken,n
ÿÿÿarmy,n
ÿÿÿabuse,n
ÿÿÿtheater,n
ÿÿÿshut,v
ÿÿÿmap,n
ÿÿÿextra,j
ÿÿÿsession,n
ÿÿÿdanger,n
ÿÿÿwelcome,v
ÿÿÿdomestic,j
ÿÿÿlots,p
ÿÿÿliterature,n
ÿÿÿrain,n
ÿÿÿdesire,n
ÿÿÿassessment,n
ÿÿÿinjury,n
ÿÿÿrespect,n
ÿÿÿnorthern,j
ÿÿÿnod,v
ÿÿÿpaint,v
ÿÿÿfuel,n
ÿÿÿleaf,n
ÿÿÿdirect,v
ÿÿÿdry,j
ÿÿÿRussian,j
ÿÿÿinstruction,n
ÿÿÿfight,n
ÿÿÿpool,n
ÿÿÿclimb,v
ÿÿÿsweet,j
ÿÿÿlead,n
ÿÿÿengine,n
ÿÿÿfourth,m
ÿÿÿsalt,n
ÿÿÿexpand,v
ÿÿÿimportance,n
ÿÿÿmetal,n
ÿÿÿfat,n
ÿÿÿticket,n
ÿÿÿsoftware,n
ÿÿÿdisappear,v
ÿÿÿcorporate,j
ÿÿÿstrange,j
ÿÿÿlip,n
ÿÿÿreading,n
ÿÿÿurban,j
ÿÿÿmental,j
ÿÿÿincreasingly,r
ÿÿÿlunch,n
ÿÿÿeducational,j
ÿÿÿsomewhere,r
ÿÿÿfarmer,n
ÿÿÿabove,r
ÿÿÿsugar,n
ÿÿÿplanet,n
ÿÿÿfavorite,j
ÿÿÿexplore,v
ÿÿÿobtain,v
ÿÿÿenemy,n
ÿÿÿgreatest,j
ÿÿÿcomplex,j
ÿÿÿsurround,v
ÿÿÿathlete,n
ÿÿÿinvite,v
ÿÿÿrepeat,v
ÿÿÿcarefully,r
ÿÿÿsoul,n
ÿÿÿscientific,j
ÿÿÿimpossible,j
ÿÿÿpanel,n
ÿÿÿmeaning,n
ÿÿÿmom,n
ÿÿÿmarried,j
ÿÿÿalone,j
ÿÿÿinstrument,n
ÿÿÿpredict,v
ÿÿÿweather,n
ÿÿÿpresidential,j
ÿÿÿemotional,j
ÿÿÿcommitment,n
ÿÿÿSupreme,j
ÿÿÿbear,v
ÿÿÿpocket,n
ÿÿÿthin,j
ÿÿÿtemperature,n
ÿÿÿsurprise,n
ÿÿÿpoll,n
ÿÿÿproposal,n
ÿÿÿconsequence,n
ÿÿÿhalf,n
ÿÿÿbreath,n
ÿÿÿsight,n
ÿÿÿcover,n
ÿÿÿbalance,n
ÿÿÿadopt,v
ÿÿÿminority,n
ÿÿÿstraight,r
ÿÿÿattempt,v
ÿÿÿconnect,v
ÿÿÿworks,n
ÿÿÿteaching,n
ÿÿÿbelong,v
ÿÿÿaid,n
ÿÿÿadvice,n
ÿÿÿokay,r
ÿÿÿphotograph,n
ÿÿÿempty,j
ÿÿÿregional,j
ÿÿÿtrail,n
ÿÿÿnovel,n
ÿÿÿcode,n
ÿÿÿsomehow,r
ÿÿÿorganize,v
ÿÿÿjury,n
ÿÿÿbreast,n
ÿÿÿIraqi,j
ÿÿÿhuman,n
ÿÿÿacknowledge,v
ÿÿÿtheme,n
ÿÿÿstorm,n
ÿÿÿunion,n
ÿÿÿrecord,v
ÿÿÿdesk,n
ÿÿÿfear,v
ÿÿÿthanks,n
ÿÿÿfruit,n
ÿÿÿunder,r
ÿÿÿexpensive,j
ÿÿÿyellow,j
ÿÿÿconclusion,n
ÿÿÿprime,j
ÿÿÿshadow,n
ÿÿÿstruggle,v
ÿÿÿconclude,v
ÿÿÿanalyst,n
ÿÿÿdance,n
ÿÿÿlimit,n
ÿÿÿlike,j
ÿÿÿregulation,n
ÿÿÿbeing,n
ÿÿÿlast,v
ÿÿÿring,n
ÿÿÿlargely,r
ÿÿÿshift,v
ÿÿÿrevenue,n
ÿÿÿmark,v
ÿÿÿlocate,v
ÿÿÿcounty,n
ÿÿÿappearance,n
ÿÿÿpackage,n
ÿÿÿdifficulty,n
ÿÿÿbridge,n
ÿÿÿrecommend,v
ÿÿÿobvious,j
ÿÿÿtrain,n
ÿÿÿbasically,r
ÿÿÿe-mail,n
ÿÿÿgenerate,v
ÿÿÿanymore,r
ÿÿÿpropose,v
ÿÿÿthinking,n
ÿÿÿpossibly,r
ÿÿÿtrend,n
ÿÿÿvisitor,n
ÿÿÿloan,n
ÿÿÿcurrently,r
ÿÿÿcomfortable,j
ÿÿÿinvestor,n
ÿÿÿbut,i
ÿÿÿprofit,n
ÿÿÿangry,j
ÿÿÿcrew,n
ÿÿÿdeep,r
ÿÿÿaccident,n
ÿÿÿmale,n
ÿÿÿmeal,n
ÿÿÿhearing,n
ÿÿÿtraffic,n
ÿÿÿmuscle,n
ÿÿÿnotion,n
ÿÿÿcapture,v
ÿÿÿprefer,v
ÿÿÿtruly,r
ÿÿÿearth,n
ÿÿÿJapanese,j
ÿÿÿchest,n
ÿÿÿsearch,v
ÿÿÿthick,j
ÿÿÿcash,n
ÿÿÿmuseum,n
ÿÿÿbeauty,n
ÿÿÿemergency,n
ÿÿÿunique,j
ÿÿÿfeature,v
ÿÿÿinternal,j
ÿÿÿethnic,j
ÿÿÿlink,v
ÿÿÿstress,n
ÿÿÿcontent,n
ÿÿÿselect,v
ÿÿÿroot,n
ÿÿÿnose,n
ÿÿÿdeclare,v
ÿÿÿoutside,r
ÿÿÿappreciate,v
ÿÿÿactual,j
ÿÿÿbottle,n
ÿÿÿhardly,r
ÿÿÿsetting,n
ÿÿÿlaunch,v
ÿÿÿdress,n
ÿÿÿfile,n
ÿÿÿsick,j
ÿÿÿoutcome,n
ÿÿÿad,n
ÿÿÿdefend,v
ÿÿÿmatter,v
ÿÿÿjudge,v
ÿÿÿduty,n
ÿÿÿsheet,n
ÿÿÿought,v
ÿÿÿensure,v
ÿÿÿCatholic,j
ÿÿÿextremely,r
ÿÿÿextent,n
ÿÿÿcomponent,n
ÿÿÿmix,v
ÿÿÿlong-term,j
ÿÿÿslow,j
ÿÿÿcontrast,n
ÿÿÿzone,n
ÿÿÿwake,v
ÿÿÿchallenge,v
ÿÿÿairport,n
ÿÿÿchief,n
ÿÿÿbrown,j
ÿÿÿstandard,j
ÿÿÿshirt,n
ÿÿÿpilot,n
ÿÿÿwarn,v
ÿÿÿultimately,r
ÿÿÿcat,n
ÿÿÿcontribution,n
ÿÿÿcapacity,n
ÿÿÿourselves,p
ÿÿÿestate,n
ÿÿÿguide,n
ÿÿÿcircumstance,n
ÿÿÿsnow,n
ÿÿÿEnglish,j
ÿÿÿpolitician,n
ÿÿÿsteal,v
ÿÿÿpursue,v
ÿÿÿslip,v
ÿÿÿpercentage,n
ÿÿÿmeat,n
ÿÿÿfunny,j
ÿÿÿneither,r
ÿÿÿsoil,n
ÿÿÿinfluence,v
ÿÿÿsurgery,n
ÿÿÿcorrect,j
ÿÿÿJewish,j
ÿÿÿblame,v
ÿÿÿestimate,v
ÿÿÿdue,i
ÿÿÿbasketball,n
ÿÿÿlate,r
ÿÿÿgolf,n
ÿÿÿinvestigate,v
ÿÿÿcrazy,j
ÿÿÿsignificantly,r
ÿÿÿchain,n
ÿÿÿaddress,n
ÿÿÿbranch,n
ÿÿÿcombination,n
ÿÿÿjust,j
ÿÿÿfrequently,r
ÿÿÿgovernor,n
ÿÿÿrelief,n
ÿÿÿuser,n
ÿÿÿdad,n
ÿÿÿkick,v
ÿÿÿpart,r
ÿÿÿmanner,n
ÿÿÿancient,j
ÿÿÿsilence,n
ÿÿÿrating,n
ÿÿÿgolden,j
ÿÿÿmotion,n
ÿÿÿGerman,j
ÿÿÿgender,n
ÿÿÿsolve,v
ÿÿÿfee,n
ÿÿÿlandscape,n
ÿÿÿused,j
ÿÿÿbowl,n
ÿÿÿequal,j
ÿÿÿlong,c
ÿÿÿofficial,j
ÿÿÿforth,r
ÿÿÿframe,n
ÿÿÿtypical,j
ÿÿÿexcept,i
ÿÿÿconservative,j
ÿÿÿeliminate,v
ÿÿÿhost,n
ÿÿÿhall,n
ÿÿÿtrust,v
ÿÿÿocean,n
ÿÿÿscore,v
ÿÿÿrow,n
ÿÿÿproducer,n
ÿÿÿafford,v
ÿÿÿmeanwhile,r
ÿÿÿregime,n
ÿÿÿdivision,n
ÿÿÿconfirm,v
ÿÿÿfix,v
ÿÿÿappeal,n
ÿÿÿmirror,n
ÿÿÿtooth,n
ÿÿÿsmart,j
ÿÿÿlength,n
ÿÿÿentirely,r
ÿÿÿrely,v
ÿÿÿtopic,n
ÿÿÿcomplain,v
ÿÿÿissue,v
ÿÿÿvariable,n
ÿÿÿback,v
ÿÿÿrange,v
ÿÿÿtelephone,n
ÿÿÿperception,n
ÿÿÿattract,v
ÿÿÿconfidence,n
ÿÿÿbedroom,n
ÿÿÿsecret,n
ÿÿÿdebt,n
ÿÿÿrare,j
ÿÿÿhis,p
ÿÿÿtank,n
ÿÿÿnurse,n
ÿÿÿcoverage,n
ÿÿÿopposition,n
ÿÿÿaside,r
ÿÿÿanywhere,r
ÿÿÿbond,n
ÿÿÿfile,v
ÿÿÿpleasure,n
ÿÿÿmaster,n
ÿÿÿera,n
ÿÿÿrequirement,n
ÿÿÿcheck,n
ÿÿÿstand,n
ÿÿÿfun,n
ÿÿÿexpectation,n
ÿÿÿwing,n
ÿÿÿseparate,j
ÿÿÿnow,c
ÿÿÿclear,v
ÿÿÿstruggle,n
ÿÿÿmean,j
ÿÿÿsomewhat,r
ÿÿÿpour,v
ÿÿÿstir,v
ÿÿÿjudgment,n
ÿÿÿclean,v
ÿÿÿexcept,c
ÿÿÿbeer,n
ÿÿÿEnglish,n
ÿÿÿreference,n
ÿÿÿtear,n
ÿÿÿdoubt,n
ÿÿÿgrant,v
ÿÿÿseriously,r
ÿÿÿaccount,v
ÿÿÿminister,n
ÿÿÿtotally,r
ÿÿÿhero,n
ÿÿÿindustrial,j
ÿÿÿcloud,n
ÿÿÿstretch,v
ÿÿÿwinner,n
ÿÿÿvolume,n
ÿÿÿtravel,n
ÿÿÿseed,n
ÿÿÿsurprised,j
ÿÿÿrest,v
ÿÿÿfashion,n
ÿÿÿpepper,n
ÿÿÿseparate,v
ÿÿÿbusy,j
ÿÿÿintervention,n
ÿÿÿcopy,n
ÿÿÿtip,n
ÿÿÿbelow,i
ÿÿÿcheap,j
ÿÿÿaim,v
ÿÿÿcite,v
ÿÿÿwelfare,n
ÿÿÿvegetable,n
ÿÿÿgray,j
ÿÿÿdish,n
ÿÿÿbeach,n
ÿÿÿimprovement,n
ÿÿÿeverywhere,r
ÿÿÿopening,n
ÿÿÿoverall,j
ÿÿÿdivide,v
ÿÿÿinitial,j
ÿÿÿterrible,j
ÿÿÿoppose,v
ÿÿÿcontemporary,j
ÿÿÿroute,n
ÿÿÿmultiple,j
ÿÿÿessential,j
ÿÿÿquestion,v
ÿÿÿleague,n
ÿÿÿcriminal,j
ÿÿÿcareful,j
ÿÿÿcore,n
ÿÿÿupper,j
ÿÿÿrush,v
ÿÿÿnecessarily,r
ÿÿÿspecifically,r
ÿÿÿtired,j
ÿÿÿrise,n
ÿÿÿtie,n
ÿÿÿemploy,v
ÿÿÿholiday,n
ÿÿÿdance,v
ÿÿÿvast,j
ÿÿÿresolution,n
ÿÿÿhousehold,n
ÿÿÿfewer,d
ÿÿÿabortion,n
ÿÿÿapart,r
ÿÿÿwitness,n
ÿÿÿmatch,v
ÿÿÿbarely,r
ÿÿÿsector,n
ÿÿÿrepresentative,n
ÿÿÿlack,v
ÿÿÿbeneath,i
ÿÿÿbeside,i
ÿÿÿblack,n
ÿÿÿincident,n
ÿÿÿlimited,j
ÿÿÿproud,j
ÿÿÿflow,n
ÿÿÿfaculty,n
ÿÿÿincreased,j
ÿÿÿwaste,n
ÿÿÿmerely,r
ÿÿÿmass,n
ÿÿÿemphasize,v
ÿÿÿexperiment,n
ÿÿÿdefinitely,r
ÿÿÿbomb,n
ÿÿÿenormous,j
ÿÿÿtone,n
ÿÿÿliberal,j
ÿÿÿmassive,j
ÿÿÿengineer,n
ÿÿÿwheel,n
ÿÿÿfemale,n
ÿÿÿdecline,v
ÿÿÿinvest,v
ÿÿÿpromise,n
ÿÿÿcable,n
ÿÿÿtowards,i
ÿÿÿexpose,v
ÿÿÿrural,j
ÿÿÿAIDS,n
ÿÿÿJew,n
ÿÿÿnarrow,j
ÿÿÿcream,n
ÿÿÿsecretary,n
ÿÿÿgate,n
ÿÿÿsolid,j
ÿÿÿhill,n
ÿÿÿtypically,r
ÿÿÿnoise,n
ÿÿÿgrass,n
ÿÿÿunfortunately,r
ÿÿÿhat,n
ÿÿÿlegislation,n
ÿÿÿsucceed,v
ÿÿÿeither,d
ÿÿÿcelebrate,v
ÿÿÿachievement,n
ÿÿÿfishing,n
ÿÿÿdrink,n
ÿÿÿaccuse,v
ÿÿÿhand,v
ÿÿÿuseful,j
ÿÿÿland,v
ÿÿÿsecret,j
ÿÿÿreject,v
ÿÿÿtalent,n
ÿÿÿtaste,n
ÿÿÿcharacteristic,n
ÿÿÿmilk,n
ÿÿÿescape,v
ÿÿÿcast,v
ÿÿÿsentence,n
ÿÿÿunusual,j
ÿÿÿclosely,r
ÿÿÿconvince,v
ÿÿÿheight,n
ÿÿÿphysician,n
ÿÿÿassess,v
ÿÿÿsleep,n
ÿÿÿplenty,p
ÿÿÿride,n
ÿÿÿvirtually,r
ÿÿÿfirst,r
ÿÿÿaddition,i
ÿÿÿsharp,j
ÿÿÿcreative,j
ÿÿÿlower,v
ÿÿÿbehind,r
ÿÿÿapprove,v
ÿÿÿexplanation,n
ÿÿÿoutside,j
ÿÿÿgay,j
ÿÿÿcampus,n
ÿÿÿproper,j
ÿÿÿlive,j
ÿÿÿguilty,j
ÿÿÿliving,j
ÿÿÿacquire,v
ÿÿÿcompete,v
ÿÿÿtechnical,j
ÿÿÿplus,i
ÿÿÿmind,v
ÿÿÿpotential,n
ÿÿÿimmigrant,n
ÿÿÿweak,j
ÿÿÿillegal,j
ÿÿÿhi,u
ÿÿÿalternative,n
ÿÿÿinteraction,n
ÿÿÿcolumn,n
ÿÿÿpersonality,n
ÿÿÿsignal,n
ÿÿÿcurriculum,n
ÿÿÿlist,v
ÿÿÿhonor,n
ÿÿÿpassenger,n
ÿÿÿassistance,n
ÿÿÿforever,r
ÿÿÿfun,j
ÿÿÿregard,v
ÿÿÿIsraeli,j
ÿÿÿassociation,n
ÿÿÿtwenty,m
ÿÿÿknock,v
ÿÿÿreview,v
ÿÿÿwrap,v
ÿÿÿlab,n
ÿÿÿoffer,n
ÿÿÿdisplay,v
ÿÿÿcriticism,n
ÿÿÿasset,n
ÿÿÿdepression,n
ÿÿÿspiritual,j
ÿÿÿmusical,j
ÿÿÿjournalist,n
ÿÿÿprayer,n
ÿÿÿsuspect,v
ÿÿÿscholar,n
ÿÿÿwarning,n
ÿÿÿclimate,n
ÿÿÿcheese,n
ÿÿÿobservation,n
ÿÿÿchildhood,n
ÿÿÿpayment,n
ÿÿÿsir,n
ÿÿÿpermit,v
ÿÿÿcigarette,n
ÿÿÿdefinition,n
ÿÿÿpriority,n
ÿÿÿbread,n
ÿÿÿcreation,n
ÿÿÿgraduate,n
ÿÿÿrequest,n
ÿÿÿemotion,n
ÿÿÿscream,v
ÿÿÿdramatic,j
ÿÿÿuniverse,n
ÿÿÿgap,n
ÿÿÿexcellent,j
ÿÿÿdeeply,r
ÿÿÿprosecutor,n
ÿÿÿmark,n
ÿÿÿgreen,n
ÿÿÿlucky,j
ÿÿÿdrag,v
ÿÿÿairline,n
ÿÿÿlibrary,n
ÿÿÿagenda,n
ÿÿÿrecover,v
ÿÿÿfactory,n
ÿÿÿselection,n
ÿÿÿprimarily,r
ÿÿÿroof,n
ÿÿÿunable,j
ÿÿÿexpense,n
ÿÿÿinitiative,n
ÿÿÿdiet,n
ÿÿÿarrest,v
ÿÿÿfunding,n
ÿÿÿtherapy,n
ÿÿÿwash,v
ÿÿÿschedule,n
ÿÿÿsad,j
ÿÿÿbrief,j
ÿÿÿhousing,n
ÿÿÿpost,n
ÿÿÿpurchase,v
ÿÿÿexisting,j
ÿÿÿdark,n
ÿÿÿsteel,n
ÿÿÿregarding,i
ÿÿÿshout,v
ÿÿÿremaining,j
ÿÿÿvisual,j
ÿÿÿfairly,r
ÿÿÿchip,n
ÿÿÿviolent,j
ÿÿÿsilent,j
ÿÿÿsuppose,v
ÿÿÿself,n
ÿÿÿbike,n
ÿÿÿtea,n
ÿÿÿperceive,v
ÿÿÿcomparison,n
ÿÿÿsettlement,n
ÿÿÿlayer,n
ÿÿÿplanning,n
ÿÿÿfar,c
ÿÿÿdescription,n
ÿÿÿlater,j
ÿÿÿslow,v
ÿÿÿslide,v
ÿÿÿwidely,r
ÿÿÿwedding,n
ÿÿÿinform,v
ÿÿÿportion,n
ÿÿÿterritory,n
ÿÿÿimmediate,j
ÿÿÿopponent,n
ÿÿÿabandon,v
ÿÿÿlink,n
ÿÿÿmass,j
ÿÿÿlake,n
ÿÿÿtransform,v
ÿÿÿtension,n
ÿÿÿdisplay,n
ÿÿÿleading,j
ÿÿÿbother,v
ÿÿÿconsist,v
ÿÿÿalcohol,n
ÿÿÿenable,v
ÿÿÿbend,v
ÿÿÿsaving,n
ÿÿÿgain,n
ÿÿÿdesert,n
ÿÿÿshall,v
ÿÿÿerror,n
ÿÿÿrelease,n
ÿÿÿcop,n
ÿÿÿArab,j
ÿÿÿdouble,j
ÿÿÿwalk,n
ÿÿÿsand,n
ÿÿÿSpanish,j
ÿÿÿrule,v
ÿÿÿhit,n
ÿÿÿprint,n
ÿÿÿpreserve,v
ÿÿÿpassage,n
ÿÿÿformal,j
ÿÿÿtransition,n
ÿÿÿexistence,n
ÿÿÿalbum,n
ÿÿÿparticipation,n
ÿÿÿarrange,v
ÿÿÿatmosphere,n
ÿÿÿjoint,j
ÿÿÿreply,v
ÿÿÿcycle,n
ÿÿÿopposite,j
ÿÿÿlock,v
ÿÿÿwhole,n
ÿÿÿdeserve,v
ÿÿÿconsistent,j
ÿÿÿresistance,n
ÿÿÿdiscovery,n
ÿÿÿtear,v
ÿÿÿexposure,n
ÿÿÿpose,v
ÿÿÿstream,n
ÿÿÿsale,n
ÿÿÿtrust,n
ÿÿÿbenefit,v
ÿÿÿpot,n
ÿÿÿgrand,j
ÿÿÿmine,p
ÿÿÿhello,u
ÿÿÿcoalition,n
ÿÿÿtale,n
ÿÿÿknife,n
ÿÿÿresolve,v
ÿÿÿracial,j
ÿÿÿphase,n
ÿÿÿpresent,n
ÿÿÿjoke,n
ÿÿÿcoat,n
ÿÿÿMexican,j
ÿÿÿsymptom,n
ÿÿÿcontact,v
ÿÿÿmanufacturer,n
ÿÿÿphilosophy,n
ÿÿÿpotato,n
ÿÿÿinterview,v
ÿÿÿfoundation,n
ÿÿÿquote,v
ÿÿÿonline,j
ÿÿÿpass,n
ÿÿÿnegotiation,n
ÿÿÿgood,n
ÿÿÿurge,v
ÿÿÿoccasion,n
ÿÿÿdust,n
ÿÿÿbreathe,v
ÿÿÿelect,v
ÿÿÿinvestigator,n
ÿÿÿjacket,n
ÿÿÿglad,j
ÿÿÿordinary,j
ÿÿÿreduction,n
ÿÿÿrarely,r
ÿÿÿshift,n
ÿÿÿpack,v
ÿÿÿsuicide,n
ÿÿÿnumerous,j
ÿÿÿtouch,n
ÿÿÿsubstance,n
ÿÿÿdiscipline,n
ÿÿÿelsewhere,r
ÿÿÿiron,n
ÿÿÿpractical,j
ÿÿÿmoreover,r
ÿÿÿpassion,n
ÿÿÿvolunteer,n
ÿÿÿimplement,v
ÿÿÿessentially,r
ÿÿÿgene,n
ÿÿÿenforcement,n
ÿÿÿvs,i
ÿÿÿsauce,n
ÿÿÿindependence,n
ÿÿÿmarketing,n
ÿÿÿpriest,n
ÿÿÿamazing,j
ÿÿÿintense,j
ÿÿÿadvance,n
ÿÿÿemployer,n
ÿÿÿshock,n
ÿÿÿinspire,v
ÿÿÿadjust,v
ÿÿÿretire,v
ÿÿÿsure,r
ÿÿÿvisible,j
ÿÿÿkiss,v
ÿÿÿillness,n
ÿÿÿcap,n
ÿÿÿhabit,n
ÿÿÿcompetitive,j
ÿÿÿjuice,n
ÿÿÿcongressional,j
ÿÿÿinvolvement,n
ÿÿÿdominate,v
ÿÿÿpreviously,r
ÿÿÿwhenever,r
ÿÿÿtransfer,v
ÿÿÿanalyze,v
ÿÿÿanother,p
ÿÿÿattach,v
ÿÿÿfor,c
ÿÿÿIndian,n
ÿÿÿdisaster,n
ÿÿÿparking,n
ÿÿÿprospect,n
ÿÿÿboss,n
ÿÿÿcomplaint,n
ÿÿÿchampionship,n
ÿÿÿcoach,v
ÿÿÿexercise,v
ÿÿÿfundamental,j
ÿÿÿsevere,j
ÿÿÿenhance,v
ÿÿÿmystery,n
ÿÿÿimpose,v
ÿÿÿpoverty,n
ÿÿÿother,i
ÿÿÿentry,n
ÿÿÿfat,j
ÿÿÿspending,n
ÿÿÿking,n
ÿÿÿevaluate,v
ÿÿÿsymbol,n
ÿÿÿstill,j
ÿÿÿtrade,v
ÿÿÿmaker,n
ÿÿÿmood,n
ÿÿÿaccomplish,v
ÿÿÿemphasis,n
ÿÿÿillustrate,v
ÿÿÿboot,n
ÿÿÿmonitor,v
ÿÿÿAsian,j
ÿÿÿentertainment,n
ÿÿÿbean,n
ÿÿÿevaluation,n
ÿÿÿcreature,n
ÿÿÿcommander,n
ÿÿÿdigital,j
ÿÿÿarrangement,n
ÿÿÿconcentrate,v
ÿÿÿtotal,n
ÿÿÿusual,j
ÿÿÿanger,n
ÿÿÿpsychological,j
ÿÿÿheavily,r
ÿÿÿpeak,n
ÿÿÿapproximately,r
ÿÿÿincreasing,j
ÿÿÿdisorder,n
ÿÿÿmissile,n
ÿÿÿequally,r
ÿÿÿvary,v
ÿÿÿwire,n
ÿÿÿround,n
ÿÿÿdistribution,n
ÿÿÿtransportation,n
ÿÿÿholy,j
ÿÿÿring,v
ÿÿÿtwin,n
ÿÿÿcommand,n
ÿÿÿcommission,n
ÿÿÿinterpretation,n
ÿÿÿbreakfast,n
ÿÿÿstop,n
ÿÿÿstrongly,r
ÿÿÿengineering,n
ÿÿÿluck,n
ÿÿÿso-called,j
ÿÿÿconstant,j
ÿÿÿrace,v
ÿÿÿclinic,n
ÿÿÿveteran,n
ÿÿÿsmell,v
ÿÿÿtablespoon,n
ÿÿÿcapable,j
ÿÿÿnervous,j
ÿÿÿtourist,n
ÿÿÿlight,v
ÿÿÿtoss,v
ÿÿÿcrucial,j
ÿÿÿbury,v
ÿÿÿpray,v
ÿÿÿtomato,n
ÿÿÿexception,n
ÿÿÿbutter,n
ÿÿÿdeficit,n
ÿÿÿbathroom,n
ÿÿÿobjective,n
ÿÿÿblock,v
ÿÿÿelectronic,j
ÿÿÿally,n
ÿÿÿjourney,n
ÿÿÿreputation,n
ÿÿÿmixture,n
ÿÿÿsurely,r
ÿÿÿtower,n
ÿÿÿsmoke,n
ÿÿÿconfront,v
ÿÿÿpure,j
ÿÿÿglance,v
ÿÿÿdimension,n
ÿÿÿtoy,n
ÿÿÿprisoner,n
ÿÿÿfellow,j
ÿÿÿsmooth,j
ÿÿÿnearby,j
ÿÿÿpeer,n
ÿÿÿdesigner,n
ÿÿÿpersonnel,n
ÿÿÿshape,v
ÿÿÿeducator,n
ÿÿÿrelative,n
ÿÿÿimmigration,n
ÿÿÿbelt,n
ÿÿÿteaspoon,n
ÿÿÿbirthday,n
ÿÿÿimplication,n
ÿÿÿperfectly,r
ÿÿÿcoast,n
ÿÿÿsupporter,n
ÿÿÿaccompany,v
ÿÿÿsilver,n
ÿÿÿteenager,n
ÿÿÿrecognition,n
ÿÿÿretirement,n
ÿÿÿflag,n
ÿÿÿrecovery,n
ÿÿÿwhisper,v
ÿÿÿwatch,n
ÿÿÿgentleman,n
ÿÿÿcorn,n
ÿÿÿmoon,n
ÿÿÿinner,j
ÿÿÿjunior,j
ÿÿÿrather,c
ÿÿÿthroat,n
ÿÿÿsalary,n
ÿÿÿswing,v
ÿÿÿobserver,n
ÿÿÿdue,j
ÿÿÿstraight,j
ÿÿÿpublication,n
ÿÿÿpretty,j
ÿÿÿcrop,n
ÿÿÿdig,v
ÿÿÿstrike,n
ÿÿÿpermanent,j
ÿÿÿplant,v
ÿÿÿphenomenon,n
ÿÿÿanxiety,n
ÿÿÿunlike,i
ÿÿÿwet,j
ÿÿÿliterally,r
ÿÿÿresist,v
ÿÿÿconvention,n
ÿÿÿembrace,v
ÿÿÿsupply,v
ÿÿÿassist,v
ÿÿÿexhibition,n
ÿÿÿconstruct,v
ÿÿÿviewer,n
ÿÿÿpan,n
ÿÿÿconsultant,n
ÿÿÿsoon,c
ÿÿÿline,v
ÿÿÿadministrator,n
ÿÿÿdate,v
ÿÿÿoccasionally,r
ÿÿÿmayor,n
ÿÿÿconsideration,n
ÿÿÿCEO,n
ÿÿÿsecure,v
ÿÿÿpink,j
ÿÿÿsmoke,v
ÿÿÿestimate,n
ÿÿÿbuck,n
ÿÿÿhistoric,j
ÿÿÿpoem,n
ÿÿÿgrandmother,n
ÿÿÿbind,v
ÿÿÿfifth,m
ÿÿÿconstantly,r
ÿÿÿenterprise,n
ÿÿÿfavor,v
ÿÿÿtesting,n
ÿÿÿstomach,n
ÿÿÿapparent,j
ÿÿÿweigh,v
ÿÿÿinstall,v
ÿÿÿsensitive,j
ÿÿÿsuggestion,n
ÿÿÿmail,n
ÿÿÿrecipe,n
ÿÿÿreasonable,j
ÿÿÿpreparation,n
ÿÿÿwooden,j
ÿÿÿelementary,j
ÿÿÿconcert,n
ÿÿÿaggressive,j
ÿÿÿfalse,j
ÿÿÿintention,n
ÿÿÿchannel,n
ÿÿÿextreme,j
ÿÿÿtube,n
ÿÿÿdrawing,n
ÿÿÿprotein,n
ÿÿÿquit,v
ÿÿÿabsence,n
ÿÿÿroll,n
ÿÿÿLatin,j
ÿÿÿrapidly,r
ÿÿÿjail,n
ÿÿÿcomment,v
ÿÿÿdiversity,n
ÿÿÿhonest,j
ÿÿÿPalestinian,j
ÿÿÿpace,n
ÿÿÿemployment,n
ÿÿÿspeaker,n
ÿÿÿimpression,n
ÿÿÿessay,n
ÿÿÿrespondent,n
ÿÿÿgiant,j
ÿÿÿcake,n
ÿÿÿhistorian,n
ÿÿÿnegotiate,v
ÿÿÿrestore,v
ÿÿÿsubstantial,j
ÿÿÿpop,v
ÿÿÿparticular,r
ÿÿÿspecialist,n
ÿÿÿorigin,n
ÿÿÿapproval,n
ÿÿÿmine,n
ÿÿÿquietly,r
ÿÿÿadvise,v
ÿÿÿconventional,j
ÿÿÿdrop,n
ÿÿÿcount,n
ÿÿÿdepth,n
ÿÿÿwealth,n
ÿÿÿdisability,n
ÿÿÿshell,n
ÿÿÿgeneral,r
ÿÿÿcriticize,v
ÿÿÿfast,j
ÿÿÿprofessional,n
ÿÿÿeffectively,r
ÿÿÿbiological,j
ÿÿÿpack,n
ÿÿÿonion,n
ÿÿÿdeputy,n
ÿÿÿflat,j
ÿÿÿbrand,n
ÿÿÿassure,v
ÿÿÿmad,j
ÿÿÿaward,n
ÿÿÿcriteria,n
ÿÿÿdealer,n
ÿÿÿvia,i
ÿÿÿalternative,j
ÿÿÿutility,n
ÿÿÿprecisely,r
ÿÿÿarise,v
ÿÿÿarmed,j
ÿÿÿnevertheless,r
ÿÿÿhighway,n
ÿÿÿclinical,j
ÿÿÿroutine,n
ÿÿÿschedule,v
ÿÿÿwage,n
ÿÿÿnormally,r
ÿÿÿphrase,n
ÿÿÿingredient,n
ÿÿÿstake,n
ÿÿÿMuslim,j
ÿÿÿdream,v
ÿÿÿfiber,n
ÿÿÿactivist,n
ÿÿÿIslamic,j
ÿÿÿsnap,v
ÿÿÿterrorism,n
ÿÿÿrefugee,n
ÿÿÿincorporate,v
ÿÿÿhip,n
ÿÿÿultimate,j
ÿÿÿswitch,v
ÿÿÿcorporation,n
ÿÿÿvaluable,j
ÿÿÿassumption,n
ÿÿÿgear,n
ÿÿÿgraduate,v
ÿÿÿbarrier,n
ÿÿÿminor,j
ÿÿÿprovision,n
ÿÿÿkiller,n
ÿÿÿassign,v
ÿÿÿgang,n
ÿÿÿdeveloping,j
ÿÿÿclassic,j
ÿÿÿchemical,n
ÿÿÿwave,v
ÿÿÿlabel,n
ÿÿÿteen,n
ÿÿÿindex,n
ÿÿÿvacation,n
ÿÿÿadvocate,n
ÿÿÿdraft,n
ÿÿÿextraordinary,j
ÿÿÿheaven,n
ÿÿÿrough,j
ÿÿÿyell,v
ÿÿÿpregnant,j
ÿÿÿdistant,j
ÿÿÿdrama,n
ÿÿÿsatellite,n
ÿÿÿpersonally,r
ÿÿÿwonder,n
ÿÿÿclock,n
ÿÿÿchocolate,n
ÿÿÿItalian,j
ÿÿÿCanadian,j
ÿÿÿceiling,n
ÿÿÿsweep,v
ÿÿÿadvertising,n
ÿÿÿuniversal,j
ÿÿÿspin,v
ÿÿÿhouse,v
ÿÿÿbutton,n
ÿÿÿbell,n
ÿÿÿrank,n
ÿÿÿdarkness,n
ÿÿÿahead,i
ÿÿÿclothing,n
ÿÿÿsuper,j
ÿÿÿyield,v
ÿÿÿfence,n
ÿÿÿportrait,n
ÿÿÿpaint,n
ÿÿÿsurvival,n
ÿÿÿroughly,r
ÿÿÿlawsuit,n
ÿÿÿbottom,j
ÿÿÿtestimony,n
ÿÿÿbunch,n
ÿÿÿbeat,n
ÿÿÿwind,v
ÿÿÿfound,v
ÿÿÿburden,n
ÿÿÿreact,v
ÿÿÿchamber,n
ÿÿÿfurniture,n
ÿÿÿcooperation,n
ÿÿÿstring,n
ÿÿÿceremony,n
ÿÿÿcommunicate,v
ÿÿÿtaste,v
ÿÿÿcheek,n
ÿÿÿlost,j
ÿÿÿprofile,n
ÿÿÿmechanism,n
ÿÿÿdisagree,v
ÿÿÿlike,r
ÿÿÿpenalty,n
ÿÿÿmatch,n
ÿÿÿie,r
ÿÿÿadvance,v
ÿÿÿresort,n
ÿÿÿdestruction,n
ÿÿÿbear,n
ÿÿÿunlikely,j
ÿÿÿtissue,n
ÿÿÿconstitutional,j
ÿÿÿpant,n
ÿÿÿstranger,n
ÿÿÿinfection,n
ÿÿÿcabinet,n
ÿÿÿbroken,j
ÿÿÿapple,n
ÿÿÿelectric,j
ÿÿÿproceed,v
ÿÿÿtrack,v
ÿÿÿbet,v
ÿÿÿliterary,j
ÿÿÿvirus,n
ÿÿÿstupid,j
ÿÿÿdispute,n
ÿÿÿfortune,n
ÿÿÿstrategic,j
ÿÿÿassistant,n
ÿÿÿovercome,v
ÿÿÿremarkable,j
ÿÿÿoccupy,v
ÿÿÿstatistics,n
ÿÿÿshopping,n
ÿÿÿcousin,n
ÿÿÿencounter,v
ÿÿÿwipe,v
ÿÿÿinitially,r
ÿÿÿblind,j
ÿÿÿwhite,n
ÿÿÿport,n
ÿÿÿhonor,v
ÿÿÿelectricity,n
ÿÿÿgenetic,j
ÿÿÿadviser,n
ÿÿÿpay,n
ÿÿÿspokesman,n
ÿÿÿretain,v
ÿÿÿlatter,d
ÿÿÿincentive,n
ÿÿÿslave,n
ÿÿÿchemical,j
ÿÿÿtranslate,v
ÿÿÿaccurate,j
ÿÿÿwhereas,c
ÿÿÿterror,n
ÿÿÿthough,r
ÿÿÿexpansion,n
ÿÿÿelite,n
ÿÿÿOlympic,j
ÿÿÿdirt,n
ÿÿÿodd,j
ÿÿÿrice,n
ÿÿÿbullet,n
ÿÿÿtight,j
ÿÿÿBible,n
ÿÿÿchart,n
ÿÿÿsolar,j
ÿÿÿdecline,n
ÿÿÿconservative,n
ÿÿÿprocess,v
ÿÿÿsquare,j
ÿÿÿstick,n
ÿÿÿconcentration,n
ÿÿÿcomplicated,j
ÿÿÿgently,r
ÿÿÿchampion,n
ÿÿÿscenario,n
ÿÿÿtelescope,n
ÿÿÿreflection,n
ÿÿÿrevolution,n
ÿÿÿstrip,n
ÿÿÿinterpret,v
ÿÿÿfriendly,j
ÿÿÿtournament,n
ÿÿÿfiction,n
ÿÿÿdetect,v
ÿÿÿbalance,v
ÿÿÿlikely,r
ÿÿÿtremendous,j
ÿÿÿlifetime,n
ÿÿÿrecommendation,n
ÿÿÿflow,v
ÿÿÿsenator,n
ÿÿÿmarket,v
ÿÿÿhunting,n
ÿÿÿsalad,n
ÿÿÿguarantee,v
ÿÿÿinnocent,j
ÿÿÿboundary,n
ÿÿÿpause,v
ÿÿÿremote,j
ÿÿÿsatisfaction,n
ÿÿÿjournal,n
ÿÿÿbench,n
ÿÿÿlover,n
ÿÿÿraw,j
ÿÿÿawareness,n
ÿÿÿsurprising,j
ÿÿÿwithdraw,v
ÿÿÿgeneral,n
ÿÿÿdeck,n
ÿÿÿsimilarly,r
ÿÿÿnewly,r
ÿÿÿpole,n
ÿÿÿtestify,v
ÿÿÿmode,n
ÿÿÿdialogue,n
ÿÿÿimply,v
ÿÿÿnaturally,r
ÿÿÿmutual,j
ÿÿÿfounder,n
ÿÿÿtop,i
ÿÿÿadvanced,j
ÿÿÿpride,n
ÿÿÿdismiss,v
ÿÿÿaircraft,n
ÿÿÿdelivery,n
ÿÿÿmainly,r
ÿÿÿbake,v
ÿÿÿfreeze,v
ÿÿÿplatform,n
ÿÿÿfinance,n
ÿÿÿsink,v
ÿÿÿattractive,j
ÿÿÿrespect,v
ÿÿÿdiverse,j
ÿÿÿrelevant,j
ÿÿÿideal,j
ÿÿÿjoy,n
ÿÿÿworth,n
ÿÿÿregularly,r
ÿÿÿworking,j
ÿÿÿsinger,n
ÿÿÿevolve,v
ÿÿÿshooting,n
ÿÿÿpartly,r
ÿÿÿunknown,j
ÿÿÿassistant,j
ÿÿÿoffense,n
ÿÿÿcounter,n
ÿÿÿDNA,n
ÿÿÿsmell,n
ÿÿÿpotentially,r
ÿÿÿtransfer,n
ÿÿÿthirty,m
ÿÿÿjustify,v
ÿÿÿprotest,n
ÿÿÿcrash,n
ÿÿÿcraft,n
ÿÿÿtreaty,n
ÿÿÿterrorist,n
ÿÿÿinsight,n
ÿÿÿpossess,v
ÿÿÿpolitically,r
ÿÿÿtap,v
ÿÿÿlie,n
ÿÿÿextensive,j
ÿÿÿepisode,n
ÿÿÿdouble,v
ÿÿÿswim,v
ÿÿÿtire,v
ÿÿÿfault,n
ÿÿÿloose,j
ÿÿÿfree,v
ÿÿÿshortly,r
ÿÿÿoriginally,r
ÿÿÿconsiderable,j
ÿÿÿprior,i
ÿÿÿintellectual,j
ÿÿÿmix,n
ÿÿÿassault,n
ÿÿÿrelax,v
ÿÿÿstair,n
ÿÿÿadventure,n
ÿÿÿexternal,j
ÿÿÿproof,n
ÿÿÿconfident,j
ÿÿÿheadquarters,n
ÿÿÿsudden,j
ÿÿÿdirty,j
ÿÿÿviolation,n
ÿÿÿtongue,n
ÿÿÿlicense,n
ÿÿÿhold,n
ÿÿÿshelter,n
ÿÿÿrub,v
ÿÿÿcontroversy,n
ÿÿÿentrance,n
ÿÿÿfavorite,n
ÿÿÿpractice,v
ÿÿÿproperly,r
ÿÿÿfade,v
ÿÿÿdefensive,j
ÿÿÿtragedy,n
ÿÿÿnet,n
ÿÿÿcharacterize,v
ÿÿÿfuneral,n
ÿÿÿprofession,n
ÿÿÿalter,v
ÿÿÿspot,v
ÿÿÿconstitute,v
ÿÿÿestablishment,n
ÿÿÿsqueeze,v
ÿÿÿimagination,n
ÿÿÿtarget,v
ÿÿÿmask,n
ÿÿÿconvert,v
ÿÿÿcomprehensive,j
ÿÿÿprominent,j
ÿÿÿpresentation,n
ÿÿÿregardless,r
ÿÿÿeasy,r
ÿÿÿload,v
ÿÿÿstable,j
ÿÿÿintroduction,n
ÿÿÿappeal,v
ÿÿÿpretend,v
ÿÿÿnot,c
ÿÿÿelderly,j
ÿÿÿrepresentation,n
ÿÿÿdeer,n
ÿÿÿsplit,v
ÿÿÿviolate,v
ÿÿÿpartnership,n
ÿÿÿpollution,n
ÿÿÿemission,n
ÿÿÿsteady,j
ÿÿÿvital,j
ÿÿÿneither,d
ÿÿÿfate,n
ÿÿÿearnings,n
ÿÿÿoven,n
ÿÿÿdistinction,n
ÿÿÿsegment,n
ÿÿÿnowhere,r
ÿÿÿpoet,n
ÿÿÿmere,j
ÿÿÿexciting,j
ÿÿÿvariation,n
ÿÿÿcomfort,n
ÿÿÿradical,j
ÿÿÿstress,v
ÿÿÿadapt,v
ÿÿÿIrish,j
ÿÿÿhoney,n
ÿÿÿcorrespondent,n
ÿÿÿpale,j
ÿÿÿmusician,n
ÿÿÿsignificance,n
ÿÿÿload,n
ÿÿÿround,j
ÿÿÿvessel,n
ÿÿÿstorage,n
ÿÿÿflee,v
ÿÿÿmm-hmm,u
ÿÿÿleather,n
ÿÿÿdistribute,v
ÿÿÿevolution,n
ÿÿÿill,j
ÿÿÿtribe,n
ÿÿÿshelf,n
ÿÿÿcan,n
ÿÿÿgrandfather,n
ÿÿÿlawn,n
ÿÿÿbuyer,n
ÿÿÿdining,n
ÿÿÿwisdom,n
ÿÿÿcouncil,n
ÿÿÿvulnerable,j
ÿÿÿinstance,n
ÿÿÿgarlic,n
ÿÿÿcapability,n
ÿÿÿpoetry,n
ÿÿÿcelebrity,n
ÿÿÿgradually,r
ÿÿÿstability,n
ÿÿÿdoubt,v
ÿÿÿfantasy,n
ÿÿÿscared,j
ÿÿÿguide,v
ÿÿÿplot,n
ÿÿÿframework,n
ÿÿÿgesture,n
ÿÿÿdepending,i
ÿÿÿongoing,j
ÿÿÿpsychology,n
ÿÿÿsince,r
ÿÿÿcounselor,n
ÿÿÿwitness,v
ÿÿÿchapter,n
ÿÿÿfellow,n
ÿÿÿdivorce,n
ÿÿÿowe,v
ÿÿÿpipe,n
ÿÿÿathletic,j
ÿÿÿslight,j
ÿÿÿmath,n
ÿÿÿshade,n
ÿÿÿtail,n
ÿÿÿsustain,v
ÿÿÿmount,v
ÿÿÿobligation,n
ÿÿÿangle,n
ÿÿÿpalm,n
ÿÿÿdiffer,v
ÿÿÿcustom,n
ÿÿÿstore,v
ÿÿÿeconomist,n
ÿÿÿfifteen,m
ÿÿÿsoup,n
ÿÿÿcelebration,n
ÿÿÿefficient,j
ÿÿÿdamage,v
ÿÿÿcomposition,n
ÿÿÿsatisfy,v
ÿÿÿpile,n
ÿÿÿbriefly,r
ÿÿÿcarbon,n
ÿÿÿcloser,j
ÿÿÿconsume,v
ÿÿÿscheme,n
ÿÿÿcrack,n
ÿÿÿfrequency,n
ÿÿÿtobacco,n
ÿÿÿsurvivor,n
ÿÿÿbesides,r
ÿÿÿin,c
ÿÿÿpsychologist,n
ÿÿÿwealthy,j
ÿÿÿgalaxy,n
ÿÿÿgiven,j
ÿÿÿfund,v
ÿÿÿski,n
ÿÿÿlimitation,n
ÿÿÿOK,j
ÿÿÿtrace,v
ÿÿÿappointment,n
ÿÿÿpreference,n
ÿÿÿmeter,n
ÿÿÿexplosion,n
ÿÿÿarrest,n
ÿÿÿpublicly,r
ÿÿÿincredible,j
ÿÿÿfighter,n
ÿÿÿrapid,j
ÿÿÿadmission,n
ÿÿÿhunter,n
ÿÿÿeducate,v
ÿÿÿpainful,j
ÿÿÿfriendship,n
ÿÿÿaide,n
ÿÿÿinfant,n
ÿÿÿcalculate,v
ÿÿÿfifty,m
ÿÿÿrid,v
ÿÿÿporch,n
ÿÿÿtendency,n
ÿÿÿuniform,n
ÿÿÿformation,n
ÿÿÿscholarship,n
ÿÿÿreservation,n
ÿÿÿefficiency,n
ÿÿÿwaste,v
ÿÿÿqualify,v
ÿÿÿmall,n
ÿÿÿderive,v
ÿÿÿscandal,n
ÿÿÿPC,n
ÿÿÿhelpful,j
ÿÿÿimpress,v
ÿÿÿheel,n
ÿÿÿresemble,v
ÿÿÿprivacy,n
ÿÿÿfabric,n
ÿÿÿsurprise,v
ÿÿÿcontest,n
ÿÿÿproportion,n
ÿÿÿguideline,n
ÿÿÿrifle,n
ÿÿÿmaintenance,n
ÿÿÿconviction,n
ÿÿÿtrick,n
ÿÿÿorganic,j
ÿÿÿtent,n
ÿÿÿexamination,n
ÿÿÿpublisher,n
ÿÿÿstrengthen,v
ÿÿÿFrench,n
ÿÿÿproposed,j
ÿÿÿmyth,n
ÿÿÿsophisticated,j
ÿÿÿcow,n
ÿÿÿetc,r
ÿÿÿstanding,n
ÿÿÿasleep,j
ÿÿÿtennis,n
ÿÿÿnerve,n
ÿÿÿbarrel,n
ÿÿÿbombing,n
ÿÿÿmembership,n
ÿÿÿratio,n
ÿÿÿmenu,n
ÿÿÿpurchase,n
ÿÿÿcontroversial,j
ÿÿÿdesperate,j
ÿÿÿrate,v
ÿÿÿlifestyle,n
ÿÿÿhumor,n
ÿÿÿloud,j
ÿÿÿglove,n
ÿÿÿsuspect,n
ÿÿÿsufficient,j
ÿÿÿnarrative,n
ÿÿÿphotographer,n
ÿÿÿhelicopter,n
ÿÿÿCatholic,n
ÿÿÿmodest,j
ÿÿÿprovider,n
ÿÿÿdelay,n
ÿÿÿagricultural,j
ÿÿÿexplode,v
ÿÿÿstroke,n
ÿÿÿscope,n
ÿÿÿpunishment,n
ÿÿÿhandful,n
ÿÿÿbadly,r
ÿÿÿhorizon,n
ÿÿÿcurious,j
ÿÿÿdowntown,j
ÿÿÿgirlfriend,n
ÿÿÿprompt,v
ÿÿÿrequest,v
ÿÿÿcholesterol,n
ÿÿÿabsorb,v
ÿÿÿadjustment,n
ÿÿÿtaxpayer,n
ÿÿÿeager,j
ÿÿÿprincipal,n
ÿÿÿdetailed,j
ÿÿÿmotivation,n
ÿÿÿassignment,n
ÿÿÿrestriction,n
ÿÿÿacross,r
ÿÿÿPalestinian,n
ÿÿÿlaboratory,n
ÿÿÿworkshop,n
ÿÿÿdifferently,r
ÿÿÿauto,n
ÿÿÿromantic,j
ÿÿÿcotton,n
ÿÿÿmotor,n
ÿÿÿsue,v
ÿÿÿflavor,n
ÿÿÿoverlook,v
ÿÿÿfloat,v
ÿÿÿundergo,v
ÿÿÿsequence,n
ÿÿÿdemonstration,n
ÿÿÿjet,n
ÿÿÿorange,j
ÿÿÿconsumption,n
ÿÿÿassert,v
ÿÿÿblade,n
ÿÿÿtemporary,j
ÿÿÿmedication,n
ÿÿÿprint,v
ÿÿÿcabin,n
ÿÿÿbite,v
ÿÿÿrelative,j
ÿÿÿedition,n
ÿÿÿvalley,n
ÿÿÿyours,p
ÿÿÿpitch,n
ÿÿÿpine,n
ÿÿÿbrilliant,j
ÿÿÿversus,i
ÿÿÿmanufacturing,n
ÿÿÿrisk,v
ÿÿÿChristian,n
ÿÿÿcomplex,n
ÿÿÿabsolute,j
ÿÿÿchef,n
ÿÿÿdiscrimination,n
ÿÿÿoffensive,j
ÿÿÿGerman,n
ÿÿÿsuit,v
ÿÿÿboom,n
ÿÿÿregister,v
ÿÿÿappoint,v
ÿÿÿheritage,n
ÿÿÿGod,n
ÿÿÿterrorist,j
ÿÿÿdominant,j
ÿÿÿsuccessfully,r
ÿÿÿshit,n
ÿÿÿlemon,n
ÿÿÿhungry,j
ÿÿÿsense,v
ÿÿÿdry,v
ÿÿÿwander,v
ÿÿÿsubmit,v
ÿÿÿeconomics,n
ÿÿÿnaked,j
ÿÿÿanticipate,v
ÿÿÿnut,n
ÿÿÿlegacy,n
ÿÿÿextension,n
ÿÿÿshrug,v
ÿÿÿfly,n
ÿÿÿbattery,n
ÿÿÿarrival,n
ÿÿÿlegitimate,j
ÿÿÿorientation,n
ÿÿÿinflation,n
ÿÿÿcope,v
ÿÿÿflame,n
ÿÿÿcluster,n
ÿÿÿhost,v
ÿÿÿwound,n
ÿÿÿdependent,j
ÿÿÿshower,n
ÿÿÿinstitutional,j
ÿÿÿdepict,v
ÿÿÿoperating,n
ÿÿÿflesh,n
ÿÿÿgarage,n
ÿÿÿoperator,n
ÿÿÿinstructor,n
ÿÿÿcollapse,v
ÿÿÿborrow,v
ÿÿÿfurthermore,r
ÿÿÿcomedy,n
ÿÿÿmortgage,n
ÿÿÿsanction,n
ÿÿÿcivilian,j
ÿÿÿtwelve,m
ÿÿÿweekly,j
ÿÿÿhabitat,n
ÿÿÿgrain,n
ÿÿÿbrush,v
ÿÿÿconsciousness,n
ÿÿÿdevote,v
ÿÿÿcrack,v
ÿÿÿmeasurement,n
ÿÿÿprovince,n
ÿÿÿease,v
ÿÿÿseize,v
ÿÿÿethics,n
ÿÿÿnomination,n
ÿÿÿpermission,n
ÿÿÿwise,j
ÿÿÿactress,n
ÿÿÿsummit,n
ÿÿÿacid,n
ÿÿÿodds,n
ÿÿÿgifted,j
ÿÿÿfrustration,n
ÿÿÿmedium,n
ÿÿÿfunction,v
ÿÿÿphysically,r
ÿÿÿgrant,n
ÿÿÿdistinguish,v
ÿÿÿshore,n
ÿÿÿrepeatedly,r
ÿÿÿlung,n
ÿÿÿfirm,j
ÿÿÿrunning,j
ÿÿÿcorrect,v
ÿÿÿdistinct,j
ÿÿÿartistic,j
ÿÿÿdiscourse,n
ÿÿÿbasket,n
ÿÿÿah,u
ÿÿÿfighting,n
ÿÿÿimpressive,j
ÿÿÿcompetitor,n
ÿÿÿugly,j
ÿÿÿworried,j
ÿÿÿportray,v
ÿÿÿpowder,n
ÿÿÿghost,n
ÿÿÿpersuade,v
ÿÿÿmoderate,j
ÿÿÿsubsequent,j
ÿÿÿcontinued,j
ÿÿÿcookie,n
ÿÿÿcarrier,n
ÿÿÿcooking,n
ÿÿÿfrequent,j
ÿÿÿban,v
ÿÿÿswing,n
ÿÿÿorange,n
ÿÿÿawful,j
ÿÿÿadmire,v
ÿÿÿpet,n
ÿÿÿmiracle,n
ÿÿÿexceed,v
ÿÿÿrhythm,n
ÿÿÿwidespread,j
ÿÿÿkilling,n
ÿÿÿlovely,j
ÿÿÿsin,n
ÿÿÿcharity,n
ÿÿÿscript,n
ÿÿÿtactic,n
ÿÿÿidentification,n
ÿÿÿtransformation,n
ÿÿÿeveryday,j
ÿÿÿheadline,n
ÿÿÿcrash,v
ÿÿÿventure,n
ÿÿÿinvasion,n
ÿÿÿmilitary,n
ÿÿÿnonetheless,r
ÿÿÿadequate,j
ÿÿÿpiano,n
ÿÿÿgrocery,n
ÿÿÿintensity,n
ÿÿÿexhibit,v
ÿÿÿhigh,r
ÿÿÿblanket,n
ÿÿÿmargin,n
ÿÿÿprincipal,j
ÿÿÿquarterback,n
ÿÿÿmouse,n
ÿÿÿrope,n
ÿÿÿconcrete,j
ÿÿÿprescription,n
ÿÿÿAfrican-American,j
ÿÿÿchase,v
ÿÿÿdocument,v
ÿÿÿbrick,n
ÿÿÿrecruit,v
ÿÿÿpatch,n
ÿÿÿconsensus,n
ÿÿÿhorror,n
ÿÿÿrecording,n
ÿÿÿchanging,j
ÿÿÿpainter,n
ÿÿÿcolonial,j
ÿÿÿpie,n
ÿÿÿsake,n
ÿÿÿgaze,n
ÿÿÿcourage,n
ÿÿÿpregnancy,n
ÿÿÿswear,v
ÿÿÿdefeat,v
ÿÿÿclue,n
ÿÿÿreinforce,v
ÿÿÿwin,n
ÿÿÿconfusion,n
ÿÿÿslice,n
ÿÿÿoccupation,n
ÿÿÿdear,j
ÿÿÿcoal,n
ÿÿÿsacred,j
ÿÿÿcriminal,n
ÿÿÿformula,n
ÿÿÿcognitive,j
ÿÿÿcollective,j
ÿÿÿexact,j
ÿÿÿuncle,n
ÿÿÿsquare,n
ÿÿÿcaptain,n
ÿÿÿsigh,v
ÿÿÿattribute,v
ÿÿÿdare,v
ÿÿÿokay,j
ÿÿÿhomeless,j
ÿÿÿcool,v
ÿÿÿgallery,n
ÿÿÿsoccer,n
ÿÿÿdefendant,n
ÿÿÿtunnel,n
ÿÿÿfitness,n
ÿÿÿlap,n
ÿÿÿgrave,n
ÿÿÿtoe,n
ÿÿÿcontainer,n
ÿÿÿvirtue,n
ÿÿÿabroad,r
ÿÿÿarchitect,n
ÿÿÿdramatically,r
ÿÿÿmakeup,n
ÿÿÿinquiry,n
ÿÿÿrose,n
ÿÿÿsurprisingly,r
ÿÿÿhighlight,v
ÿÿÿdecrease,v
ÿÿÿindication,n
ÿÿÿrail,n
ÿÿÿanniversary,n
ÿÿÿcouch,n
ÿÿÿalliance,n
ÿÿÿhypothesis,n
ÿÿÿboyfriend,n
ÿÿÿcompose,v
ÿÿÿpeer,v
ÿÿÿmess,n
ÿÿÿrank,v
ÿÿÿlegend,n
ÿÿÿregulate,v
ÿÿÿadolescent,n
ÿÿÿshine,v
ÿÿÿnorm,n
ÿÿÿupset,v
ÿÿÿremark,n
ÿÿÿresign,v
ÿÿÿreward,n
ÿÿÿgentle,j
ÿÿÿrelated,j
ÿÿÿorgan,n
ÿÿÿlightly,r
ÿÿÿconcerning,i
ÿÿÿinvent,v
ÿÿÿlaughter,n
ÿÿÿfit,j
ÿÿÿnorthwest,n
ÿÿÿcounseling,n
ÿÿÿtight,r
ÿÿÿreceiver,n
ÿÿÿritual,n
ÿÿÿinsect,n
ÿÿÿinterrupt,v
ÿÿÿsalmon,n
ÿÿÿfavor,n
ÿÿÿtrading,n
ÿÿÿconcern,v
ÿÿÿmagic,j
ÿÿÿsuperior,j
ÿÿÿcombat,n
ÿÿÿstem,n
ÿÿÿsurgeon,n
ÿÿÿacceptable,j
ÿÿÿphysics,n
ÿÿÿrape,n
ÿÿÿcounsel,n
ÿÿÿbrush,n
ÿÿÿjeans,n
ÿÿÿhunt,v
ÿÿÿcontinuous,j
ÿÿÿlog,n
ÿÿÿecho,v
ÿÿÿpill,n
ÿÿÿexcited,j
ÿÿÿsculpture,n
ÿÿÿcompound,n
ÿÿÿintegrate,v
ÿÿÿflour,n
ÿÿÿbitter,j
ÿÿÿbare,j
ÿÿÿslope,n
ÿÿÿrent,v
ÿÿÿpresidency,n
ÿÿÿserving,n
ÿÿÿsubtle,j
ÿÿÿgreatly,r
ÿÿÿbishop,n
ÿÿÿdrinking,n
ÿÿÿdelay,v
ÿÿÿcry,n
ÿÿÿacceptance,n
ÿÿÿcollapse,n
ÿÿÿshop,v
ÿÿÿpump,n
ÿÿÿcandy,n
ÿÿÿevil,n
ÿÿÿfinal,n
ÿÿÿfinance,v
ÿÿÿpleased,j
ÿÿÿmedal,n
ÿÿÿbeg,v
ÿÿÿsponsor,v
ÿÿÿethical,j
ÿÿÿsecondary,j
ÿÿÿslam,v
ÿÿÿexport,n
ÿÿÿexperimental,j
ÿÿÿmelt,v
ÿÿÿmidnight,n
ÿÿÿnet,j
ÿÿÿcurve,n
ÿÿÿintegrity,n
ÿÿÿentitle,v
ÿÿÿevident,j
ÿÿÿlogic,n
ÿÿÿhay,n
ÿÿÿpark,v
ÿÿÿexclude,v
ÿÿÿharsh,j
ÿÿÿcloset,n
ÿÿÿsuburban,j
ÿÿÿgreet,v
ÿÿÿfavor,i
ÿÿÿinterior,n
ÿÿÿcorridor,n
ÿÿÿmurder,v
ÿÿÿretail,j
ÿÿÿpitcher,n
ÿÿÿmarch,v
ÿÿÿsnake,n
ÿÿÿpitch,v
ÿÿÿexcuse,v
ÿÿÿcross,n
ÿÿÿweakness,n
ÿÿÿpig,n
ÿÿÿcold,n
ÿÿÿclassical,j
ÿÿÿestimated,j
ÿÿÿT-shirt,n
ÿÿÿonline,r
ÿÿÿunemployment,n
ÿÿÿcivilization,n
ÿÿÿfold,v
ÿÿÿpatient,j
ÿÿÿpop,n
ÿÿÿdaily,r
ÿÿÿreverse,v
ÿÿÿmissing,j
ÿÿÿcorrelation,n
ÿÿÿhumanity,n
ÿÿÿflash,v
ÿÿÿdeveloper,n
ÿÿÿreliable,j
ÿÿÿexcitement,n
ÿÿÿbeef,n
ÿÿÿIslam,n
ÿÿÿRoman,j
ÿÿÿstretch,n
ÿÿÿarchitecture,n
ÿÿÿoccasional,j
ÿÿÿadministrative,j
ÿÿÿelbow,n
ÿÿÿdeadly,j
ÿÿÿMuslim,n
ÿÿÿHispanic,j
ÿÿÿallegation,n
ÿÿÿtip,v
ÿÿÿconfuse,v
ÿÿÿairplane,n
ÿÿÿmonthly,j
ÿÿÿduck,n
ÿÿÿdose,n
ÿÿÿKorean,j
ÿÿÿplead,v
ÿÿÿinitiate,v
ÿÿÿlecture,n
ÿÿÿvan,n
ÿÿÿsixth,m
ÿÿÿbay,n
ÿÿÿmainstream,j
ÿÿÿsuburb,n
ÿÿÿsandwich,n
ÿÿÿunlike,j
ÿÿÿtrunk,n
ÿÿÿrumor,n
ÿÿÿimplementation,n
ÿÿÿswallow,v
ÿÿÿmotivate,v
ÿÿÿrender,v
ÿÿÿlongtime,j
ÿÿÿtrap,v
ÿÿÿrestrict,v
ÿÿÿcloth,n
ÿÿÿseemingly,r
ÿÿÿlegislative,j
ÿÿÿeffectiveness,n
ÿÿÿenforce,v
ÿÿÿlens,n
ÿÿÿreach,n
ÿÿÿinspector,n
ÿÿÿlend,v
ÿÿÿplain,j
ÿÿÿfraud,n
ÿÿÿcompanion,n
ÿÿÿcontend,v
ÿÿÿnail,n
ÿÿÿarray,n
ÿÿÿstrict,j
ÿÿÿassemble,v
ÿÿÿfrankly,r
ÿÿÿrat,n
ÿÿÿburst,v
ÿÿÿhallway,n
ÿÿÿcave,n
ÿÿÿinevitable,j
ÿÿÿsouthwest,n
ÿÿÿmonster,n
ÿÿÿspeed,v
ÿÿÿprotest,v
ÿÿÿunexpected,j
ÿÿÿobstacle,n
ÿÿÿfacilitate,v
ÿÿÿencounter,n
ÿÿÿrip,v
ÿÿÿherb,n
ÿÿÿoverwhelming,j
ÿÿÿintegration,n
ÿÿÿcrystal,n
ÿÿÿrecession,n
ÿÿÿwish,n
ÿÿÿtop,v
ÿÿÿwritten,j
ÿÿÿmotive,n
ÿÿÿlabel,v
ÿÿÿflood,n
ÿÿÿpen,n
ÿÿÿownership,n
ÿÿÿnightmare,n
ÿÿÿnotice,n
ÿÿÿinspection,n
ÿÿÿsupervisor,n
ÿÿÿconsult,v
ÿÿÿarena,n
ÿÿÿlaugh,n
ÿÿÿdiagnosis,n
ÿÿÿpossession,n
ÿÿÿforgive,v
ÿÿÿwarm,v
ÿÿÿconsistently,r
ÿÿÿbasement,n
ÿÿÿproject,v
ÿÿÿdrift,v
ÿÿÿdrain,v
ÿÿÿlast,r
ÿÿÿprosecution,n
ÿÿÿmaximum,j
ÿÿÿannouncement,n
ÿÿÿwarrior,n
ÿÿÿprediction,n
ÿÿÿbacteria,n
ÿÿÿquestionnaire,n
ÿÿÿmud,n
ÿÿÿinfrastructure,n
ÿÿÿhurry,v
ÿÿÿprivilege,n
ÿÿÿtemple,n
ÿÿÿmedium,j
ÿÿÿoutdoor,j
ÿÿÿsuck,v
ÿÿÿand/or,c
ÿÿÿbroadcast,n
ÿÿÿre,i
ÿÿÿleap,v
ÿÿÿrandom,j
ÿÿÿpast,r
ÿÿÿwrist,n
ÿÿÿcurtain,n
ÿÿÿmonitor,n
ÿÿÿpond,n
ÿÿÿdomain,n
ÿÿÿguilt,n
ÿÿÿcattle,n
ÿÿÿsubject,i
ÿÿÿwalking,n
ÿÿÿplayoff,n
ÿÿÿminimum,j
ÿÿÿfiscal,j
ÿÿÿskirt,n
ÿÿÿdump,v
ÿÿÿhence,r
ÿÿÿdatabase,n
ÿÿÿuncomfortable,j
ÿÿÿaim,n
ÿÿÿexecute,v
ÿÿÿlimb,n
ÿÿÿideology,n
ÿÿÿaverage,v
ÿÿÿwelcome,j
ÿÿÿtune,v
ÿÿÿcontinuing,j
ÿÿÿharm,n
ÿÿÿrailroad,n
ÿÿÿendure,v
ÿÿÿradiation,n
ÿÿÿhorn,n
ÿÿÿchronic,j
ÿÿÿpeaceful,j
ÿÿÿinnovation,n
ÿÿÿstrain,n
ÿÿÿguitar,n
ÿÿÿreplacement,n
ÿÿÿbehave,v
ÿÿÿadminister,v
ÿÿÿsimultaneously,r
ÿÿÿdancer,n
ÿÿÿamendment,n
ÿÿÿguard,v
ÿÿÿpad,n
ÿÿÿtransmission,n
ÿÿÿawait,v
ÿÿÿretired,j
ÿÿÿtrigger,v
ÿÿÿspill,v
ÿÿÿgrateful,j
ÿÿÿgrace,n
ÿÿÿvirtual,j
ÿÿÿresponse,i
ÿÿÿcolony,n
ÿÿÿadoption,n
ÿÿÿslide,n
ÿÿÿindigenous,j
ÿÿÿclosed,j
ÿÿÿconvict,v
ÿÿÿcivilian,n
ÿÿÿtowel,n
ÿÿÿmodify,v
ÿÿÿparticle,n
ÿÿÿaward,v
ÿÿÿglance,n
ÿÿÿprize,n
ÿÿÿlanding,n
ÿÿÿconduct,n
ÿÿÿblue,n
ÿÿÿboost,v
ÿÿÿbat,n
ÿÿÿalarm,n
ÿÿÿfestival,n
ÿÿÿgrip,n
ÿÿÿweird,j
ÿÿÿundermine,v
ÿÿÿfreshman,n
ÿÿÿsweat,n
ÿÿÿouter,j
ÿÿÿEuropean,n
ÿÿÿdrunk,j
ÿÿÿsurvey,v
ÿÿÿresearch,v
ÿÿÿseparation,n
ÿÿÿtraditionally,r
ÿÿÿstuff,v
ÿÿÿgovern,v
ÿÿÿsoutheast,n
ÿÿÿintelligent,j
ÿÿÿwherever,r
ÿÿÿballot,n
ÿÿÿrhetoric,n
ÿÿÿconvinced,j
ÿÿÿdriving,j
ÿÿÿvitamin,n
ÿÿÿenthusiasm,n
ÿÿÿaccommodate,v
ÿÿÿpraise,v
ÿÿÿinjure,v
ÿÿÿwilderness,n
ÿÿÿnearby,r
ÿÿÿendless,j
ÿÿÿmandate,n
ÿÿÿpause,n
ÿÿÿexcuse,n
ÿÿÿrespectively,r
ÿÿÿuncertainty,n
ÿÿÿchaos,n
ÿÿÿshort,r
ÿÿÿmechanical,j
ÿÿÿcanvas,n
ÿÿÿforty,m
ÿÿÿmatter,d
ÿÿÿlobby,n
ÿÿÿprofound,j
ÿÿÿformat,n
ÿÿÿtrait,n
ÿÿÿcurrency,n
ÿÿÿturkey,n
ÿÿÿreserve,n
ÿÿÿbeam,n
ÿÿÿabuse,v
ÿÿÿastronomer,n
ÿÿÿcorruption,n
ÿÿÿcontractor,n
ÿÿÿapologize,v
ÿÿÿdoctrine,n
ÿÿÿgenuine,j
ÿÿÿthumb,n
ÿÿÿunity,n
ÿÿÿcompromise,n
ÿÿÿhorrible,j
ÿÿÿbehavioral,j
ÿÿÿexclusive,j
ÿÿÿscatter,v
ÿÿÿcommonly,r
ÿÿÿconvey,v
ÿÿÿrush,n
ÿÿÿtwist,v
ÿÿÿcomplexity,n
ÿÿÿfork,n
ÿÿÿdisk,n
ÿÿÿrelieve,v
ÿÿÿsuspicion,n
ÿÿÿlock,n
ÿÿÿfinish,n
ÿÿÿresidence,n
ÿÿÿshame,n
ÿÿÿmeaningful,j
ÿÿÿsidewalk,n
ÿÿÿOlympics,n
ÿÿÿtechnological,j
ÿÿÿsignature,n
ÿÿÿpleasant,j
ÿÿÿwow,u
ÿÿÿsuspend,v
ÿÿÿrebel,n
ÿÿÿfrozen,j
ÿÿÿdesire,v
ÿÿÿspouse,n
ÿÿÿfluid,n
ÿÿÿpension,n
ÿÿÿresume,v
ÿÿÿtheoretical,j
ÿÿÿsodium,n
ÿÿÿblow,n
ÿÿÿpromotion,n
ÿÿÿdelicate,j
ÿÿÿforehead,n
ÿÿÿrebuild,v
ÿÿÿbounce,v
ÿÿÿelectrical,j
ÿÿÿhook,n
ÿÿÿdetective,n
ÿÿÿtraveler,n
ÿÿÿclick,v
ÿÿÿcompensation,n
ÿÿÿsignal,v
ÿÿÿexit,n
ÿÿÿattraction,n
ÿÿÿdedicate,v
ÿÿÿaltogether,r
ÿÿÿpickup,n
ÿÿÿcarve,v
ÿÿÿneedle,n
ÿÿÿbelly,n
ÿÿÿship,v
ÿÿÿscare,v
ÿÿÿportfolio,n
ÿÿÿshuttle,n
ÿÿÿinvisible,j
ÿÿÿtiming,n
ÿÿÿengagement,n
ÿÿÿankle,n
ÿÿÿtransaction,n
ÿÿÿrescue,v
ÿÿÿcounterpart,n
ÿÿÿhistorically,r
ÿÿÿfirmly,r
ÿÿÿmild,j
ÿÿÿrider,n
ÿÿÿdoll,n
ÿÿÿnoon,n
ÿÿÿexhibit,n
ÿÿÿamid,i
ÿÿÿidentical,j
ÿÿÿprecise,j
ÿÿÿanxious,j
ÿÿÿstructural,j
ÿÿÿresidential,j
ÿÿÿloud,r
ÿÿÿdiagnose,v
ÿÿÿcarbohydrate,n
ÿÿÿliberty,n
ÿÿÿposter,n
ÿÿÿtheology,n
ÿÿÿnonprofit,j
ÿÿÿcrawl,v
ÿÿÿoxygen,n
ÿÿÿhandsome,j
ÿÿÿmagic,n
ÿÿÿsum,n
ÿÿÿprovided,c
ÿÿÿbusinessman,n
ÿÿÿpromising,j
ÿÿÿconscious,j
ÿÿÿdetermination,n
ÿÿÿdonor,n
ÿÿÿhers,p
ÿÿÿpastor,n
ÿÿÿjazz,n
ÿÿÿopera,n
ÿÿÿJapanese,n
ÿÿÿbite,n
ÿÿÿframe,v
ÿÿÿevil,j
ÿÿÿacquisition,n
ÿÿÿpit,n
ÿÿÿhug,v
ÿÿÿwildlife,n
ÿÿÿpunish,v
ÿÿÿgiant,n
ÿÿÿprimary,n
ÿÿÿequity,n
ÿÿÿwrong,r
ÿÿÿdoorway,n
ÿÿÿdeparture,n
ÿÿÿelevator,n
ÿÿÿteenage,j
ÿÿÿguidance,n
ÿÿÿhappiness,n
ÿÿÿstatue,n
ÿÿÿpursuit,n
ÿÿÿrepair,n
ÿÿÿdecent,j
ÿÿÿgym,n
ÿÿÿoral,j
ÿÿÿclerk,n
ÿÿÿIsraeli,n
ÿÿÿenvelope,n
ÿÿÿreporting,n
ÿÿÿdestination,n
ÿÿÿfist,n
ÿÿÿendorse,v
ÿÿÿexploration,n
ÿÿÿgenerous,j
ÿÿÿbath,n
ÿÿÿrescue,n
ÿÿÿthereby,r
ÿÿÿoverall,r
ÿÿÿindicator,n
ÿÿÿsunlight,n
ÿÿÿfeedback,n
ÿÿÿspectrum,n
ÿÿÿpurple,j
ÿÿÿlaser,n
ÿÿÿbold,j
ÿÿÿreluctant,j
ÿÿÿstarting,n
ÿÿÿexpertise,n
ÿÿÿpractically,r
ÿÿÿprogram,v
ÿÿÿpicture,v
ÿÿÿtune,n
ÿÿÿeating,n
ÿÿÿage,v
ÿÿÿvolunteer,v
ÿÿÿhint,n
ÿÿÿsharply,r
ÿÿÿparade,n
ÿÿÿadvocate,v
ÿÿÿrealm,n
ÿÿÿban,n
ÿÿÿstrip,v
ÿÿÿcancel,v
ÿÿÿblend,v
ÿÿÿtherapist,n
ÿÿÿslice,v
ÿÿÿpeel,v
ÿÿÿpizza,n
ÿÿÿrecipient,n
ÿÿÿhesitate,v
ÿÿÿflip,v
ÿÿÿaccounting,n
ÿÿÿdebate,v
ÿÿÿbias,n
ÿÿÿhuh,u
ÿÿÿmetaphor,n
ÿÿÿcandle,n
ÿÿÿhandle,n
ÿÿÿworry,n
ÿÿÿjudicial,j
ÿÿÿentity,n
ÿÿÿsuffering,n
ÿÿÿfull-time,j
ÿÿÿfeel,n
ÿÿÿlamp,n
ÿÿÿgarbage,n
ÿÿÿservant,n
ÿÿÿaddition,n
ÿÿÿregulatory,j
ÿÿÿdiplomatic,j
ÿÿÿelegant,j
ÿÿÿinside,n
ÿÿÿreception,n
ÿÿÿvanish,v
ÿÿÿautomatically,r
ÿÿÿchin,n
ÿÿÿtrail,v
ÿÿÿnecessity,n
ÿÿÿconfess,v
ÿÿÿracism,n
ÿÿÿstarter,n
ÿÿÿinterior,j
ÿÿÿbanking,n
ÿÿÿcasual,j
ÿÿÿgravity,n
ÿÿÿenroll,v
ÿÿÿdiminish,v
ÿÿÿprevention,n
ÿÿÿArab,n
ÿÿÿvalue,v
ÿÿÿminimize,v
ÿÿÿchop,v
ÿÿÿperformer,n
ÿÿÿintent,n
ÿÿÿisolate,v
ÿÿÿpump,v
ÿÿÿinventory,n
ÿÿÿproductive,j
ÿÿÿassembly,n
ÿÿÿcivic,j
ÿÿÿsilk,n
ÿÿÿmagnitude,n
ÿÿÿsteep,j
ÿÿÿhostage,n
ÿÿÿcollector,n
ÿÿÿpopularity,n
ÿÿÿkiss,n
ÿÿÿalien,n
ÿÿÿdynamic,j
ÿÿÿscary,j
ÿÿÿequation,n
ÿÿÿangel,n
ÿÿÿswitch,n
ÿÿÿoffering,n
ÿÿÿrage,n
ÿÿÿphotography,n
ÿÿÿrepair,v
ÿÿÿtoilet,n
ÿÿÿdisappointed,j
ÿÿÿprecious,j
ÿÿÿprohibit,v
ÿÿÿrepresentative,j
ÿÿÿcontent,j
ÿÿÿrealistic,j
ÿÿÿRussian,n
ÿÿÿhidden,j
ÿÿÿcommand,v
ÿÿÿtender,j
ÿÿÿwake,n
ÿÿÿgathering,n
ÿÿÿoutstanding,j
ÿÿÿstumble,v
ÿÿÿlonely,j
ÿÿÿautomobile,n
ÿÿÿartificial,j
ÿÿÿdawn,n
ÿÿÿabstract,j
ÿÿÿdescend,v
ÿÿÿsilly,j
ÿÿÿhook,v
ÿÿÿtide,n
ÿÿÿshared,j
ÿÿÿhopefully,r
ÿÿÿreadily,r
ÿÿÿcooperate,v
ÿÿÿrevolutionary,j
ÿÿÿromance,n
ÿÿÿhardware,n
ÿÿÿpillow,n
ÿÿÿkit,n
ÿÿÿcook,n
ÿÿÿspread,n
ÿÿÿcontinent,n
ÿÿÿseal,v
ÿÿÿcircuit,n
ÿÿÿsink,n
ÿÿÿruling,n
ÿÿÿshortage,n
ÿÿÿannually,r
ÿÿÿlately,r
ÿÿÿtrap,n
ÿÿÿscan,v
ÿÿÿfool,n
ÿÿÿdeadline,n
ÿÿÿrear,j
ÿÿÿprocessing,n
ÿÿÿranch,n
ÿÿÿcoastal,j
ÿÿÿundertake,v
ÿÿÿsoftly,r
ÿÿÿreserve,v
ÿÿÿburning,j
ÿÿÿverbal,j
ÿÿÿtribal,j
ÿÿÿridiculous,j
ÿÿÿautomatic,j
ÿÿÿdiamond,n
ÿÿÿcredibility,n
ÿÿÿimport,n
ÿÿÿsexually,r
ÿÿÿspring,v
ÿÿÿway,r
ÿÿÿdivine,j
ÿÿÿsentiment,n
ÿÿÿcart,n
ÿÿÿoversee,v
ÿÿÿstem,v
ÿÿÿelder,n
ÿÿÿpro,n
ÿÿÿinspiration,n
ÿÿÿDutch,j
ÿÿÿquantity,n
ÿÿÿtrailer,n
ÿÿÿmate,n
ÿÿÿo'clock,r
ÿÿÿGreek,j
ÿÿÿgenius,n
ÿÿÿmonument,n
ÿÿÿbid,n
ÿÿÿquest,n
ÿÿÿsacrifice,n
ÿÿÿinvitation,n
ÿÿÿaccuracy,n
ÿÿÿjuror,n
ÿÿÿofficially,r
ÿÿÿbroker,n
ÿÿÿtreasure,n
ÿÿÿloyalty,n
ÿÿÿcredit,v
ÿÿÿshock,v
ÿÿÿtalented,j
ÿÿÿgasoline,n
ÿÿÿstiff,j
ÿÿÿoutput,n
ÿÿÿnominee,n
ÿÿÿextended,j
ÿÿÿplease,v
ÿÿÿdiabetes,n
ÿÿÿslap,v
ÿÿÿtoxic,j
ÿÿÿalleged,j
ÿÿÿjaw,n
ÿÿÿgrief,n
ÿÿÿmysterious,j
ÿÿÿrocket,n
ÿÿÿdonate,v
ÿÿÿinmate,n
ÿÿÿtackle,v
ÿÿÿdynamics,n
ÿÿÿbow,n
ÿÿÿours,p
ÿÿÿsenior,n
ÿÿÿdignity,n
ÿÿÿcarpet,n
ÿÿÿparental,j
ÿÿÿbubble,n
ÿÿÿheat,v
ÿÿÿbuddy,n
ÿÿÿbarn,n
ÿÿÿsword,n
ÿÿÿflash,n
ÿÿÿseventh,m
ÿÿÿglory,n
ÿÿÿtightly,r
ÿÿÿprotective,j
ÿÿÿtuck,v
ÿÿÿdrum,n
ÿÿÿfaint,j
ÿÿÿpost,v
ÿÿÿqueen,n
ÿÿÿdilemma,n
ÿÿÿinput,n
ÿÿÿspecialize,v
ÿÿÿnortheast,n
ÿÿÿshallow,j
ÿÿÿliability,n
ÿÿÿsail,v
ÿÿÿmerchant,n
ÿÿÿstadium,n
ÿÿÿimproved,j
ÿÿÿbloody,j
ÿÿÿdefeat,n
ÿÿÿassociated,j
ÿÿÿwithdrawal,n
ÿÿÿrefrigerator,n
ÿÿÿnest,n
ÿÿÿnear,j
ÿÿÿthoroughly,r
ÿÿÿlane,n
ÿÿÿancestor,n
ÿÿÿcondemn,v
ÿÿÿsteam,n
ÿÿÿaccent,n
ÿÿÿescape,n
ÿÿÿoptimistic,j
ÿÿÿunite,v
ÿÿÿcage,n
ÿÿÿequip,v
ÿÿÿshrimp,n
ÿÿÿhomeland,n
ÿÿÿexchange,v
ÿÿÿrack,n
ÿÿÿcostume,n
ÿÿÿwolf,n
ÿÿÿcourtroom,n
ÿÿÿstatute,n
ÿÿÿcartoon,n
ÿÿÿbesides,i
ÿÿÿproductivity,n
ÿÿÿgrin,v
ÿÿÿsymbolic,j
ÿÿÿseal,n
ÿÿÿbug,n
ÿÿÿbless,v
ÿÿÿaunt,n
ÿÿÿagriculture,n
ÿÿÿrock,v
ÿÿÿhostile,j
ÿÿÿroot,v
ÿÿÿconceive,v
ÿÿÿcombined,j
ÿÿÿinstantly,r
ÿÿÿbankruptcy,n
ÿÿÿvaccine,n
ÿÿÿbonus,n
ÿÿÿcollaboration,n
ÿÿÿmixed,j
ÿÿÿopposed,i
ÿÿÿorbit,n
ÿÿÿgrasp,v
ÿÿÿpatience,n
ÿÿÿspite,i
ÿÿÿtropical,j
ÿÿÿvoting,n
ÿÿÿpatrol,n
ÿÿÿwillingness,n
ÿÿÿposition,v
ÿÿÿrevelation,n
ÿÿÿrent,n
ÿÿÿcalm,v
ÿÿÿjewelry,n
ÿÿÿCuban,j
ÿÿÿhaul,v
ÿÿÿconcede,v
ÿÿÿtrace,n
ÿÿÿwagon,n
ÿÿÿafterward,r
ÿÿÿspectacular,j
ÿÿÿruin,v
ÿÿÿsheer,j
ÿÿÿprior,j
ÿÿÿimmune,j
ÿÿÿreliability,n
ÿÿÿass,n
ÿÿÿalongside,i
ÿÿÿbush,n
ÿÿÿexotic,j
ÿÿÿfascinating,j
ÿÿÿsecure,j
ÿÿÿclip,n
ÿÿÿthigh,n
ÿÿÿbull,n
ÿÿÿdrawer,n
ÿÿÿregard,i
ÿÿÿsheep,n
ÿÿÿdiscourage,v
ÿÿÿcoordinator,n
ÿÿÿideological,j
ÿÿÿrunner,n
ÿÿÿsecular,j
ÿÿÿintimate,j
ÿÿÿempire,n
ÿÿÿcab,n
ÿÿÿdivorce,v
ÿÿÿexam,n
ÿÿÿdocumentary,n
ÿÿÿneutral,j
ÿÿÿbiology,n
ÿÿÿflexible,j
ÿÿÿprogressive,j
ÿÿÿweb,n
ÿÿÿconspiracy,n
ÿÿÿcatch,n
ÿÿÿcasualty,n
ÿÿÿrepublic,n
ÿÿÿexecution,n
ÿÿÿterrific,j
ÿÿÿwhale,n
ÿÿÿfunctional,j
ÿÿÿstar,v
ÿÿÿdraft,v
ÿÿÿinstinct,n
ÿÿÿteammate,n
ÿÿÿaluminum,n
ÿÿÿwhoever,p
ÿÿÿministry,n
ÿÿÿverdict,n
ÿÿÿinstruct,v
ÿÿÿskull,n
ÿÿÿself-esteem,n
ÿÿÿease,n
ÿÿÿcooperative,j
ÿÿÿmanipulate,v
ÿÿÿbee,n
ÿÿÿpractitioner,n
ÿÿÿloop,n
ÿÿÿedit,v
ÿÿÿwhip,v
ÿÿÿpuzzle,n
ÿÿÿmushroom,n
ÿÿÿsubsidy,n
ÿÿÿboil,v
ÿÿÿtragic,j
ÿÿÿmathematics,n
ÿÿÿmechanic,n
ÿÿÿjar,n
ÿÿÿrespect,i
ÿÿÿearthquake,n
ÿÿÿpork,n
ÿÿÿcreativity,n
ÿÿÿsafely,r
ÿÿÿunderlying,j
ÿÿÿdessert,n
ÿÿÿsympathy,n
ÿÿÿfisherman,n
ÿÿÿincredibly,r
ÿÿÿisolation,n
ÿÿÿsock,n
ÿÿÿnear,r
ÿÿÿjump,n
ÿÿÿeleven,m
ÿÿÿsexy,j
ÿÿÿentrepreneur,n
ÿÿÿsyndrome,n
ÿÿÿbureau,n
ÿÿÿseat,v
ÿÿÿworkplace,n
ÿÿÿambition,n
ÿÿÿtouchdown,n
ÿÿÿutilize,v
ÿÿÿbreeze,n
ÿÿÿcostly,j
ÿÿÿambitious,j
ÿÿÿChristianity,n
ÿÿÿpresumably,r
ÿÿÿinfluential,j
ÿÿÿtranslation,n
ÿÿÿuncertain,j
ÿÿÿdissolve,v
ÿÿÿobject,v
ÿÿÿstatistical,j
ÿÿÿgut,n
ÿÿÿmetropolitan,j
ÿÿÿrolling,j
ÿÿÿaesthetic,j
ÿÿÿspell,v
ÿÿÿinsert,v
ÿÿÿbooth,n
ÿÿÿhelmet,n
ÿÿÿwaist,n
ÿÿÿexpected,j
ÿÿÿlion,n
ÿÿÿaccomplishment,n
ÿÿÿroyal,j
ÿÿÿpanic,n
ÿÿÿcast,n
ÿÿÿcrush,v
ÿÿÿactively,r
ÿÿÿcliff,n
ÿÿÿminimal,j
ÿÿÿcord,n
ÿÿÿfortunately,r
ÿÿÿcocaine,n
ÿÿÿillusion,n
ÿÿÿanonymous,j
ÿÿÿtolerate,v
ÿÿÿappreciation,n
ÿÿÿcommissioner,n
ÿÿÿharm,v
ÿÿÿflexibility,n
ÿÿÿinstructional,j
ÿÿÿscramble,v
ÿÿÿcasino,n
ÿÿÿtumor,n
ÿÿÿdecorate,v
ÿÿÿsort,v
ÿÿÿcharge,i
ÿÿÿpulse,n
ÿÿÿequivalent,n
ÿÿÿfixed,j
ÿÿÿexperienced,j
ÿÿÿdonation,n
ÿÿÿdiary,n
ÿÿÿsibling,n
ÿÿÿirony,n
ÿÿÿspoon,n
ÿÿÿmidst,n
ÿÿÿalley,n
ÿÿÿupset,j
ÿÿÿinteract,v
ÿÿÿsoap,n
ÿÿÿcute,j
ÿÿÿrival,n
ÿÿÿshort-term,j
ÿÿÿpunch,v
ÿÿÿpin,n
ÿÿÿhockey,n
ÿÿÿpassing,j
ÿÿÿpersist,v
ÿÿÿsupplier,n
ÿÿÿknown,j
ÿÿÿmomentum,n
ÿÿÿpurse,n
ÿÿÿshed,v
ÿÿÿliquid,n
ÿÿÿicon,n
ÿÿÿelephant,n
ÿÿÿconsequently,r
ÿÿÿlegislature,n
ÿÿÿassociate,n
ÿÿÿfranchise,n
ÿÿÿcorrectly,r
ÿÿÿmentally,r
ÿÿÿfoster,v
ÿÿÿbicycle,n
ÿÿÿencouraging,j
ÿÿÿcheat,v
ÿÿÿaccess,v
ÿÿÿheal,v
ÿÿÿfever,n
ÿÿÿfilter,n
ÿÿÿrabbit,n
ÿÿÿcoin,n
ÿÿÿexploit,v
ÿÿÿaccessible,j
ÿÿÿorganism,n
ÿÿÿsensation,n
ÿÿÿpartially,r
ÿÿÿstay,n
ÿÿÿupstairs,r
ÿÿÿdried,j
ÿÿÿminimum,n
ÿÿÿpro,j
ÿÿÿconservation,n
ÿÿÿshove,v
ÿÿÿbackyard,n
ÿÿÿcharter,n
ÿÿÿstove,n
ÿÿÿconsent,n
ÿÿÿcomprise,v
ÿÿÿreminder,n
ÿÿÿalike,r
ÿÿÿplacement,n
ÿÿÿdough,n
ÿÿÿgrandchild,n
ÿÿÿdam,n
ÿÿÿreportedly,r
ÿÿÿwell-known,j
ÿÿÿsurrounding,j
ÿÿÿecological,j
ÿÿÿoutfit,n
ÿÿÿunprecedented,j
ÿÿÿcolumnist,n
ÿÿÿworkout,n
ÿÿÿpreliminary,j
ÿÿÿpatent,n
ÿÿÿshy,j
ÿÿÿquote,n
ÿÿÿtrash,n
ÿÿÿdisabled,j
ÿÿÿgross,j
ÿÿÿdamn,j
ÿÿÿhormone,n
ÿÿÿtexture,n
ÿÿÿcounter,v
ÿÿÿpencil,n
ÿÿÿassociate,j
ÿÿÿfrontier,n
ÿÿÿspray,n
ÿÿÿbet,n
ÿÿÿdisclose,v
ÿÿÿcustody,n
ÿÿÿbanker,n
ÿÿÿbeast,n
ÿÿÿinterfere,v
ÿÿÿoak,n
ÿÿÿcase,c
ÿÿÿeighth,m
ÿÿÿnotebook,n
ÿÿÿoutline,v
ÿÿÿgaze,v
ÿÿÿattendance,n
ÿÿÿspeculation,n
ÿÿÿuncover,v
ÿÿÿbehalf,i
ÿÿÿinnovative,j
ÿÿÿshark,n
ÿÿÿreward,v
ÿÿÿmill,n
ÿÿÿinstallation,n
ÿÿÿstimulate,v
ÿÿÿtag,n
ÿÿÿvertical,j
ÿÿÿswimming,n
ÿÿÿfleet,n
ÿÿÿcatalog,n
ÿÿÿoutsider,n
ÿÿÿsacrifice,v
ÿÿÿdesperately,r
ÿÿÿstance,n
ÿÿÿcompel,v
ÿÿÿsensitivity,n
ÿÿÿsomeday,r
ÿÿÿinstant,j
ÿÿÿdebut,n
ÿÿÿproclaim,v
ÿÿÿworldwide,r
ÿÿÿhike,v
ÿÿÿrequired,j
ÿÿÿconfrontation,n
ÿÿÿcolorful,j
ÿÿÿideal,n
ÿÿÿconstitution,n
ÿÿÿtrainer,n
ÿÿÿThanksgiving,n
ÿÿÿscent,n
ÿÿÿstack,n
ÿÿÿeyebrow,n
ÿÿÿsack,n
ÿÿÿcease,v
ÿÿÿinherit,v
ÿÿÿtray,n
ÿÿÿpioneer,n
ÿÿÿorganizational,j
ÿÿÿtextbook,n
ÿÿÿuh,u
ÿÿÿnasty,j
ÿÿÿshrink,v
ÿÿÿmodel,v
ÿÿÿemerging,j
ÿÿÿdot,n
ÿÿÿwheat,n
ÿÿÿfierce,j
ÿÿÿenvision,v
ÿÿÿrational,j
ÿÿÿkingdom,n
ÿÿÿaisle,n
ÿÿÿweaken,v
ÿÿÿprotocol,n
ÿÿÿexclusively,r
ÿÿÿvocal,j
ÿÿÿmarketplace,n
ÿÿÿopenly,r
ÿÿÿunfair,j
ÿÿÿterrain,n
ÿÿÿdeploy,v
ÿÿÿrisky,j
ÿÿÿpasta,n
ÿÿÿgenre,n
ÿÿÿdistract,v
ÿÿÿmerit,n
ÿÿÿplanner,n
ÿÿÿdepressed,j
ÿÿÿchunk,n
ÿÿÿclosest,j
ÿÿÿdiscount,n
ÿÿÿno,d
ÿÿÿladder,n
ÿÿÿjungle,n
ÿÿÿmigration,n
ÿÿÿbreathing,n
ÿÿÿinvade,v
ÿÿÿhurricane,n
ÿÿÿretailer,n
ÿÿÿclassify,v
ÿÿÿwound,v
ÿÿÿcoup,n
ÿÿÿaid,v
ÿÿÿambassador,n
ÿÿÿdensity,n
ÿÿÿsupportive,j
ÿÿÿcuriosity,n
ÿÿÿskip,v
ÿÿÿaggression,n
ÿÿÿstimulus,n
ÿÿÿjournalism,n
ÿÿÿrobot,n
ÿÿÿflood,v
ÿÿÿdip,v
ÿÿÿlikewise,r
ÿÿÿinformal,j
ÿÿÿPersian,j
ÿÿÿfeather,n
ÿÿÿsphere,n
ÿÿÿtighten,v
ÿÿÿboast,v
ÿÿÿpat,v
ÿÿÿperceived,j
ÿÿÿsole,j
ÿÿÿpublicity,n
ÿÿÿmajor,n
ÿÿÿunfold,v
ÿÿÿjoke,v
ÿÿÿwell-being,n
ÿÿÿvalidity,n
ÿÿÿecosystem,n
ÿÿÿstrictly,r
ÿÿÿpartial,j
ÿÿÿcollar,n
ÿÿÿweed,n
ÿÿÿcompliance,n
ÿÿÿstreak,n
ÿÿÿsupposedly,r
ÿÿÿadded,j
ÿÿÿbuilder,n
ÿÿÿglimpse,n
ÿÿÿpremise,n
ÿÿÿspecialty,n
ÿÿÿdeem,v
ÿÿÿartifact,n
ÿÿÿsneak,v
ÿÿÿmonkey,n
ÿÿÿmentor,n
ÿÿÿtwo-thirds,m
ÿÿÿlistener,n
ÿÿÿlightning,n
ÿÿÿlegally,r
ÿÿÿsleeve,n
ÿÿÿdisappointment,n
ÿÿÿdisturb,v
ÿÿÿrib,n
ÿÿÿexcessive,j
ÿÿÿhigh-tech,j
ÿÿÿdebris,n
ÿÿÿpile,v
ÿÿÿrod,n
ÿÿÿlogical,j
ÿÿÿliberal,n
ÿÿÿash,n
ÿÿÿsocially,r
ÿÿÿparish,n
ÿÿÿslavery,n
ÿÿÿblank,j
ÿÿÿcommodity,n
ÿÿÿcure,n
ÿÿÿmineral,n
ÿÿÿhunger,n
ÿÿÿdying,j
ÿÿÿdevelopmental,j
ÿÿÿfaster,j
ÿÿÿspare,v
ÿÿÿhalfway,r
ÿÿÿcure,v
ÿÿÿequality,n
ÿÿÿcemetery,n
ÿÿÿharassment,n
ÿÿÿdeliberately,r
ÿÿÿfame,n
ÿÿÿregret,v
ÿÿÿstriking,j
ÿÿÿlikelihood,n
ÿÿÿcarrot,n
ÿÿÿatop,i
ÿÿÿtoll,n
ÿÿÿrim,n
ÿÿÿembarrassed,j
ÿÿÿfucking,j
ÿÿÿcling,v
ÿÿÿisolated,j
ÿÿÿblink,v
ÿÿÿsuspicious,j
ÿÿÿwheelchair,n
ÿÿÿsquad,n
ÿÿÿeligible,j
ÿÿÿprocessor,n
ÿÿÿplunge,v
ÿÿÿthis,r
ÿÿÿsponsor,n
ÿÿÿgrin,n
ÿÿÿcolor,v
ÿÿÿdemographic,j
ÿÿÿrain,v
ÿÿÿchill,n
ÿÿÿrefuge,n
ÿÿÿsteer,v
ÿÿÿlegislator,n
ÿÿÿrally,n
ÿÿÿprogramming,n
ÿÿÿcheer,v
ÿÿÿoutlet,n
ÿÿÿintact,j
ÿÿÿvendor,n
ÿÿÿthrive,v
ÿÿÿpeanut,n
ÿÿÿchew,v
ÿÿÿelaborate,j
ÿÿÿintellectual,n
ÿÿÿconception,n
ÿÿÿauction,n
ÿÿÿsteak,n
ÿÿÿcomply,v
ÿÿÿtriumph,n
ÿÿÿshareholder,n
ÿÿÿcomparable,j
ÿÿÿtransport,v
ÿÿÿconscience,n
ÿÿÿcalculation,n
ÿÿÿconsiderably,r
ÿÿÿinterval,n
ÿÿÿscratch,v
ÿÿÿawake,j
ÿÿÿjurisdiction,n
ÿÿÿinevitably,r
ÿÿÿfeminist,j
ÿÿÿconstraint,n
ÿÿÿemotionally,r
ÿÿÿexpedition,n
ÿÿÿallegedly,r
ÿÿÿcompromise,v
ÿÿÿstrain,v
ÿÿÿsimilarity,n
ÿÿÿbutt,n
ÿÿÿlid,n
ÿÿÿdumb,j
ÿÿÿbulk,n
ÿÿÿsprinkle,v
ÿÿÿmortality,n
ÿÿÿphilosophical,j
ÿÿÿconversion,n
ÿÿÿpatron,n
ÿÿÿmunicipal,j
ÿÿÿany,r
ÿÿÿliver,n
ÿÿÿharmony,n
ÿÿÿsolely,r
ÿÿÿtolerance,n
ÿÿÿinstant,n
ÿÿÿgoat,n
ÿÿÿarm,v
ÿÿÿblessing,n
ÿÿÿbanana,n
ÿÿÿrunning,n
ÿÿÿpalace,n
ÿÿÿformerly,r
ÿÿÿpeasant,n
ÿÿÿneat,j
ÿÿÿgrandparent,n
ÿÿÿlawmaker,n
ÿÿÿsupermarket,n
ÿÿÿcruise,n
ÿÿÿmobile,j
ÿÿÿplain,n
ÿÿÿpart,i
ÿÿÿcalendar,n
ÿÿÿwidow,n
ÿÿÿdeposit,n
ÿÿÿbeard,n
ÿÿÿbrake,n
ÿÿÿdowntown,r
ÿÿÿscreening,n
ÿÿÿimpulse,n
ÿÿÿforbid,v
ÿÿÿfur,n
ÿÿÿbrutal,j
ÿÿÿpredator,n
ÿÿÿpoke,v
ÿÿÿopt,v
ÿÿÿvoluntary,j
ÿÿÿtrouble,v
ÿÿÿvalid,j
ÿÿÿforum,n
ÿÿÿdancing,n
ÿÿÿhappily,r
ÿÿÿsoar,v
ÿÿÿremoval,n
ÿÿÿautonomy,n
ÿÿÿenact,v
ÿÿÿround,v
ÿÿÿthread,n
ÿÿÿlight,i
ÿÿÿlandmark,n
ÿÿÿunhappy,j
ÿÿÿoffender,n
ÿÿÿcoming,j
ÿÿÿprivately,r
ÿÿÿfraction,n
ÿÿÿdistinctive,j
ÿÿÿtourism,n
ÿÿÿthreshold,n
ÿÿÿcalm,j
ÿÿÿroutinely,r
ÿÿÿsuite,n
ÿÿÿremark,v
ÿÿÿregulator,n
ÿÿÿstraw,n
ÿÿÿtheological,j
ÿÿÿapart,i
ÿÿÿexhaust,v
ÿÿÿglobe,n
ÿÿÿfragile,j
ÿÿÿobjection,n
ÿÿÿchemistry,n
ÿÿÿold-fashioned,j
ÿÿÿcrowded,j
ÿÿÿcircle,v
ÿÿÿblast,n
ÿÿÿprevail,v
ÿÿÿovernight,r
ÿÿÿdenial,n
ÿÿÿrental,n
ÿÿÿfantastic,j
ÿÿÿfragment,n
ÿÿÿlevel,j
ÿÿÿscrew,v
ÿÿÿwarmth,n
ÿÿÿundergraduate,n
ÿÿÿliquid,j
ÿÿÿheadache,n
ÿÿÿpoliceman,n
ÿÿÿyield,n
ÿÿÿprojection,n
ÿÿÿbattle,v
ÿÿÿsuitable,j
ÿÿÿmention,n
ÿÿÿgraduation,n
ÿÿÿdrill,v
ÿÿÿcruel,j
ÿÿÿmansion,n
ÿÿÿregard,n
ÿÿÿgrape,n
ÿÿÿauthorize,v
ÿÿÿcottage,n
ÿÿÿdriveway,n
ÿÿÿcharm,n
ÿÿÿsexuality,n
ÿÿÿloyal,j
ÿÿÿclay,n
ÿÿÿpound,v
ÿÿÿballoon,n
ÿÿÿinvention,n
ÿÿÿego,n
ÿÿÿfare,n
ÿÿÿhomework,n
ÿÿÿdisc,n
ÿÿÿsofa,n
ÿÿÿguarantee,n
ÿÿÿavailability,n
ÿÿÿradar,n
ÿÿÿfrown,v
ÿÿÿregain,v
ÿÿÿleave,n
ÿÿÿpermit,n
ÿÿÿsweater,n
ÿÿÿrehabilitation,n
ÿÿÿrubber,j
ÿÿÿretreat,n
ÿÿÿmolecule,n
ÿÿÿfreely,r
ÿÿÿfavorable,j
ÿÿÿsteadily,r
ÿÿÿveteran,j
ÿÿÿintegrated,j
ÿÿÿha,u
ÿÿÿyoungster,n
ÿÿÿbroadcast,v
ÿÿÿpremium,n
ÿÿÿaccountability,n
ÿÿÿoverwhelm,v
ÿÿÿone-third,m
ÿÿÿcontemplate,v
ÿÿÿupdate,v
ÿÿÿspark,v
ÿÿÿironically,r
ÿÿÿfatigue,n
ÿÿÿbeyond,r
ÿÿÿspeculate,v
ÿÿÿmarker,n
ÿÿÿlow,r
ÿÿÿpreach,v
ÿÿÿbucket,n
ÿÿÿbomb,v
ÿÿÿblond,j
ÿÿÿconfession,n
ÿÿÿprovoke,v
ÿÿÿmarble,n
ÿÿÿsubstantially,r
ÿÿÿtwist,n
ÿÿÿdefender,n
ÿÿÿfish,v
ÿÿÿexplicit,j
ÿÿÿtransport,n
ÿÿÿdisturbing,j
ÿÿÿsurveillance,n
ÿÿÿmagnetic,j
ÿÿÿtechnician,n
ÿÿÿmutter,v
ÿÿÿdevastating,j
ÿÿÿdepart,v
ÿÿÿarrow,n
ÿÿÿtrauma,n
ÿÿÿneighboring,j
ÿÿÿsoak,v
ÿÿÿribbon,n
ÿÿÿmeantime,n
ÿÿÿtransmit,v
ÿÿÿscreen,v
ÿÿÿharvest,n
ÿÿÿconsecutive,j
ÿÿÿrepublican,j
ÿÿÿcoordinate,v
ÿÿÿworldwide,j
ÿÿÿwithin,r
ÿÿÿspy,n
ÿÿÿslot,n
ÿÿÿriot,n
ÿÿÿnutrient,n
ÿÿÿcitizenship,n
ÿÿÿseverely,r
ÿÿÿsovereignty,n
ÿÿÿridge,n
ÿÿÿbrave,j
ÿÿÿlighting,n
ÿÿÿspecify,v
ÿÿÿcontributor,n
ÿÿÿfrustrate,v
ÿÿÿcrowd,v
ÿÿÿarticulate,v
ÿÿÿimportantly,r
ÿÿÿtransit,n
ÿÿÿdense,j
ÿÿÿseminar,n
ÿÿÿelectronics,n
ÿÿÿsunny,j
ÿÿÿshorts,n
ÿÿÿswell,v
ÿÿÿaccusation,n
ÿÿÿsoften,v
ÿÿÿphotograph,v
ÿÿÿstraighten,v
ÿÿÿterribly,r
ÿÿÿcue,n
ÿÿÿsudden,r
ÿÿÿbride,n
ÿÿÿbiography,n
ÿÿÿhazard,n
ÿÿÿcompelling,j
ÿÿÿseldom,r
ÿÿÿtile,n
ÿÿÿeconomically,r
ÿÿÿhonestly,r
ÿÿÿtroubled,j
ÿÿÿbow,v
ÿÿÿtwentieth,m
ÿÿÿbalanced,j
ÿÿÿforeigner,n
ÿÿÿlaunch,n
ÿÿÿconvenience,n
ÿÿÿdelight,n
ÿÿÿweave,v
ÿÿÿtimber,n
ÿÿÿtill,c
ÿÿÿaccurately,r
ÿÿÿplea,n
ÿÿÿbulb,n
ÿÿÿcopy,v
ÿÿÿflying,j
ÿÿÿsustainable,j
ÿÿÿdevil,n
ÿÿÿbolt,n
ÿÿÿcargo,n
ÿÿÿspine,n
ÿÿÿseller,n
ÿÿÿskilled,j
ÿÿÿmanaging,j
ÿÿÿpublic,r
ÿÿÿmarine,j
ÿÿÿdock,n
ÿÿÿorganized,j
ÿÿÿfog,n
ÿÿÿdiplomat,n
ÿÿÿboring,j
ÿÿÿsometime,r
ÿÿÿsummary,n
ÿÿÿmissionary,n
ÿÿÿepidemic,n
ÿÿÿfatal,j
ÿÿÿtrim,v
ÿÿÿwarehouse,n
ÿÿÿaccelerate,v
ÿÿÿbutterfly,n
ÿÿÿbronze,n
ÿÿÿdrown,v
ÿÿÿinherent,j
ÿÿÿpraise,n
ÿÿÿnationwide,r
ÿÿÿspit,v
ÿÿÿharvest,v
ÿÿÿkneel,v
ÿÿÿvacuum,n
ÿÿÿselected,j
ÿÿÿdictate,v
ÿÿÿstereotype,n
ÿÿÿsensor,n
ÿÿÿlaundry,n
ÿÿÿmanual,n
ÿÿÿpistol,n
ÿÿÿnaval,j
ÿÿÿplaintiff,n
ÿÿÿkid,v
ÿÿÿmiddle-class,j
ÿÿÿapology,n
ÿÿÿtill,i
